rxn,uniprot_id,substrate,seq,smiles,mw
GLCpts,A2RHJ8,Phosphoenolpyruvate,MTTMLKGIAASSGVAVAKAYLLVQPDLSFETKTIADTANEEARLDAALATSQSELQLIKDKAVTTLGEEAASVFDAHMMVLADPDMTAQIKAVINDKKVNAESALKEVTDMFIGIFEGMTDNAYMQERAADIKDVTKRVLAHLLGVKLPSPALIDEEVIIVAEDLTPSDTAQLDKKFVKAFVTNIGGRTSHSAIMARTLEIPAVLGTNNITELVSEGQLLAVSGLTGEVILDPSTEQQSEFHKAGDAYAAQKAEWAALKDAETVTADGRHYELAANIGTPKDVEGVNDNGAEAIGLYRTEFLYMDAQDFPTEDDQYEAYKAVLEGMNGKPVVVRTMDIGGDKTLPYFDLPKEMNPFLGWRALRISLSTAGDGMFRTQLRALLRASVHGQLRIMFPMVALVTEFRAAKKIYDEEKSKLIAEGVPVAEGIEVGIMIEIPAAAMLADQFAKEVDFFSIGTNDLIQYTMAADRMNEQVSYLYQPYNPSILRLINNVIKAAHAEGKWAGMCGEMAGDQTAVPLLMGMGLDEFSMSATSVLQTRSLMKRLDSKKMEELSSKALSECATMEEVIALVEEYTK,C=C(C(=O)O)OP(=O)(O)O,62577
PGMT,A2RIG0,D-Glucose 6-phosphate,MGKYFGTDGVRGEANVELTPEMAFKLGRFGGYVLSQHELETPKVYVGRDTRISGQMLASSLISGLLSVGIEVYDLGVIATPGVAYLVKKDGASAGVMISASHNPALDNGIKFFGGDGYKLEDEKELEIEALIDAKEDTLPRPSAQGLGMLHDYIEGVRKYQAFLKTTAEGDFEGYNVVLDTANGASYTSARAVFADLKANLTVIGENPDGLNINVKVGSTHPEAMAKKVVETGSDLGLAFDGDADRLIAVDENGEIVDGDKIMFIVGKYLLEQGKLAQDTLVTTVMSNLGFHLALEEAGINSVITAVGDRYVVEEMKKNNYNFGGEQSGHMIFLDYNTTGDGQLSAIQLLKVMRETGKTLSELASEVTIYPQKLVNVRVKDNAAKKSAMDVPAIQKVISEMETSMNGKGRILVRPSGTEPLLRVMAEAPTHEQVDHVVDTIVEVVEEEIGVK,C(C(C(C(C(C=O)O)O)O)O)OP(=O)(O)O,48689
GALU,A2RK97,D-Glucose 1-phosphate,MKQTTIPNKARKVRKAVIPAAGLGTRFLPATKAIAKEMLPIVDKPTIQFIVEEALKSGIEDILIVTGKAKRPIEDHFDSNIELEQNLLEKGKTELLKLVEETTDINLHFIRQSHPKGLGHAVLQAKAFVGNEPFVVMLGDDLMNITGNETPLTKDLINDYEKTHASTIAVMKVPHEDVDKYGVIDPNGEVSKGLYNVERFVEKPKVEEAPSDLAIIGRYLLTPEIFDVLETQVPGAGNEIQLTDAIERLNKTQRVFAHEFTGKRYDVGDKLGFVETTIEYGLEHPQIGDNLKNYIIEKAKELSKDELKQNTKK,C(C1C(C(C(C(O1)OP(=O)(O)O)O)O)O)O,35002
UDPG4E,A2RNB2,UDPglucose,MTVLVLGGAGYVGSHAVDMLVNRGYDVAVVDNLVTGHREAVSEKVRFYEGDVRDHAFLASVFEKENIEGIMHFCAYSLVGESMQKPLMYFNNNVGGAQVILETMEEFGVKHIVFSSTAATFGIPEESPISEKTPQKPINPYGESKLIMEKMMKWQSQATDMTYVALRYFNVAGAKDDGSIGEAHKNETHLIPIILQTALGQREFITIYGDDYQTPDGTCIRDYIDMEDLIEAHIKALEYLKSGGKSDQFNLGSSKGYSNLEVLETARKVTGKEIPSQMGERRPGDPDELVADSTKAGEILGWKVKNDLEHIITNAWEWHQSHPKGY,C1=CN(C(=O)NC1=O)C2C(C(C(O2)COP(=O)(O)OP(=O)(O)OC3C(C(C(C(O3)CO)O)O)O)O)O,36292
G6PDHy,A2RP18,D-Glucose 6-phosphate,MTEQKQALFTIFGATGDLAKRKLYPSLFRLFKKGELAENFAVIGTARRPWTNDYYREVVLESIKGLMNSKTEAENFASHFYYQSHDVSDSSHYVNLKDLGESLRKQYKTAGNQVFFLAMAPQFFGTIAEHLKSENILTGEGFERIVIEKPFGTSYNTAKSLNDSLSKVFTEEQIFRIDHYLGKEMIQAVSAVRFANPIFESIWNNQHIDNVQITFAEFIGVEDRGGYYETSGALKDMIQNHVLQVLSLIAMEKPQKFDEAHIVKEKVKALNAMRQYSPEEALNNFVRGQYVAGRFDGEDYSGYREEDSVAPDSRTETFAAGKFVIDNERWSGVPFYVRSGKRMTEKGTRINIVFKKDPDNLFADNCDDQSVQNILTIYIQPTEGFSLSVNGKAAGQGFHLEPLRLNFRHDSEFLGNSPEAYEKLFLDVLNGDGTNFSHWEEAARAWELIDVIREAWDKETSELPTYAARTMGPKAAFDLLEKEGHEWAWQPDVWYQECGYYDK,C(C(C(C(C(C=O)O)O)O)O)OP(=O)(O)O,57587
PGL,O86281,"6-phospho-D-glucono-1,5-lactone",MKEKILLGGYTKRVSKGVYSVLLDSKKAELSALTEVAAVQNPTYITLDQKGHLYTCAADGNGGGIAAFDFDGQNTTHLGNVTSTGAPLCYVAVDEARQLVYGANYHLGEVRVYKIQADGSLRLTDTVKHNGSGPRPEQASSHVHYSDLTPDGRLVTCDLGTDEVTVYDVIGEGKLNIVTIYRAEKGMGARHISFHPNGKIAYLVGELNSTIEVLSYNEEKGRFARLQTISTLPEDYHGANGVAAIRISSDGKFLYASNRGHDSLAIYKVSPLGTKLESIGWTKTEGHIPRDFNFNKTEDYIIVAHQESDNLTLFLRDKNTGSLTLEQKDFYAPEITCVLPL,C(C1C(C(C(C(=O)O1)O)O)O)OP(=O)(O)O,37265
PGDH,P96789,6-Phospho-D-gluconate,MAQANFGVVGMAVMGKNLALNVESRGYTVAIYNRTTSKTEEVYKEHQDKNLVFTKTLEEFVGSLEKPRRIMLMVQAGAATDATIKSLLPLLDIGDILIDGGNTHFPDTMRRNAELADSGINFIGTGVSGGEKGALLGPSMMPGGQKEAYDLVAPIFEQIAAKAPQDGKPCVAYMGANGAGHYVKMVHNGIEYGDMQLIAESYDLLKRILGLSNAEIQAIFEEWNEGELDSYLIEITKEVLKRKDDEGEGYIVDKILDKAGNKGTGKWTSESALDLGVPLPLITESVFARYISTYKDERVKASKVLSGPALDFSGDKKEVIEKIRKALYFSKIMSYAQGFAQLRKASEEFDWDLPYGTIAQIWRAGCIIRAEFLQNITDAFDKDSELENLLLDDYFVDITKRYQEAVRDVVSLAVQAGTPIPTFTSAISYYDSYRSENLPANLIQAQRDYFGAHTYERTDKAGIFHYDWYTED,C(C(C(C(C(C(=O)O)O)O)O)O)OP(=O)(O)O,52460
PGDH,A2RNY8,6-Phospho-D-gluconate,MKFGMIGLGKMGMNLVKNAVDHEIEVVAYDVNAEAVEEAGNYSEKITAVKSIDELLTELSEPKIIWLMLPAGKATNSTIELLSEKLSAADILIDGGNSNYKDNLEQNKLLTEKGIKFFDVGTSGGMAGARQGGNFMIGGDDENSWSVIEPIFKAISTENGYLYTGKLGSGHYLKMIHNGIEYGMMQAIAEGFEILEESPFDYDYEAVAKLWNHGSVIRSWLMELAQDQFSKDPKLDQIIGRVQSSGEGKWTIEESLDLGVPAPVIALSLMMRQRSLQEDTMTGKVVAALRNGFGGHEVEQK,C(C(C(C(C(C(=O)O)O)O)O)O)OP(=O)(O)O,32996
PGI,A2RNW8,D-Glucose 6-phosphate,MAHIKFDYSKLTPFVAENELDEIQWQIDGAAKLLHEGKGAGSDYIGWLDLPEDYDKEEFARIQKAAKKIQSDSEVLIVIGIGGSYLGARAAIDFLSNSFVNLQTAEERKAPRILYAGNSISSSYLADLVDYVADKDFSVNVISKSGTTTEPAIAFRVFEEMLVKKYGREEANKRIYATTDKEKGAVKVNADANNWETFVVPDSVGGRFSVLTAVGLLPIAASGADITALMEGANAARKEYTSTNVHENDAYAYAALRNILYRKGKFSEILINYEPSLQYFSEWWKQLAGESEGKDQKGIYPTSANFSTDLHSLGQWIQEGTRTVFETAIRIEKPRKNINIPELDADLDGLGYLQGKDVDFVNKKAADGVLLAHTDGNVPNMIVTLPEQDEFTLGYAIYFFELAIGVSGYLNGINPFNQPGVEAYKKNMFALLGKPGFEELSKELNDRL,C(C(C(C(C(C=O)O)O)O)O)OP(=O)(O)O,49595
PFK,A2RKA2,D-Fructose 6-phosphate,MKRIAVLTSGGDAPGMNAAIRAVVRKAISEGIEVYGINHGYAGMVAGDIFPLTSASVGDKIGRGGTFLYSARYPEFAQVEGQLAGIEQLKKFGIEGVVVIGGDGSYHGAMRLTEHGFPAVGLPGTIDNDIVGTDFTIGFDTAVSTVVDALDKIRDTSSSHNRTFVVEVMGRNAGDIALNAGIAAGADDICIPEKEFKFENVVNNINKGYEKGKNHHIIVLAEGVMTGEEFATKLKEAGYKGDLRVSVLGHIQRGGSPTARDRVLASRMGARAVELLRDGIGGVAVGIRNEELVESPILGTAEEGALFSLTTEGGIKVNNPHKAGLELYRLNSALNNLNLN,C(C(C(C(C(=O)CO)O)O)O)OP(=O)(O)O,35806
PFK,A2RKA2,ATP,MKRIAVLTSGGDAPGMNAAIRAVVRKAISEGIEVYGINHGYAGMVAGDIFPLTSASVGDKIGRGGTFLYSARYPEFAQVEGQLAGIEQLKKFGIEGVVVIGGDGSYHGAMRLTEHGFPAVGLPGTIDNDIVGTDFTIGFDTAVSTVVDALDKIRDTSSSHNRTFVVEVMGRNAGDIALNAGIAAGADDICIPEKEFKFENVVNNINKGYEKGKNHHIIVLAEGVMTGEEFATKLKEAGYKGDLRVSVLGHIQRGGSPTARDRVLASRMGARAVELLRDGIGGVAVGIRNEELVESPILGTAEEGALFSLTTEGGIKVNNPHKAGLELYRLNSALNNLNLN,C1=NC(=C2C(=N1)N(C=N2)C3C(C(C(O3)COP(=O)(O)OP(=O)(O)OP(=O)(O)O)O)O)N,35806
FBA,A2RN46,"D-Fructose 1,6-bisphosphate",MAIVSAEKFVQAARDNGYAIGGFNTNNLEWTQAILRAAEAKKTPVLIQTSMGAAKYMGGYKMCKLLIETLVESMGITVPVAIHLDHGHFDDALECIEVGYSSLMFDGSHLPIEENLKLAEEVIAKAHAKGISVECEVGSIGGEEDGIVGEGELAPIDDAVAMAKLGVDFLAAGIGNIHGPYPENWKGLHIDHLEKLNKALVEAMGHNVPIVLHGGSGIPDDQIREAIANGVAKVNVNTECQLAFAAATRKFVNEFDANEAEYMKKKLFDPRKFLKPGFDAITASVEERIDVFGSANKA,C(C1C(C(C(O1)(COP(=O)([O-])[O-])O)O)O)OP(=O)([O-])[O-],31990
TPI,A2RL40,Dihydroxyacetone phosphate,MSRKPIIAGNWKMNKTLSEAQAFVEAVKNNLPSSDNVESVIGAPALFLAPMAYLRQGSELKLAAENSYFENAGAFTGENSPAAIVDLGIEYIIIGHSERREYFHETDEDINKKAKAIFAAGATPILCCGETLETFEAGKTAEWVSGQIEAGLAGLTAEQVSNLVIAYEPIWAIGTGKTATNEIADETCGVVRSTVEKLYGKEVSEAVRIQYGGSVKPETIEGLMAKENIDGALVGGASLEADSFLALLEMYK,C(C(=O)COP(=O)(O)O)O,26933
GAPD,A2RIN9,Glyceraldehyde 3-phosphate,MVVKVGINGFGRIGRLALRRIQEVEGVEVAHINDLTDPAMLAHLLKYDTTQGRFKGTVEVKEDGFDVNGKFVKVTAERNPEDIQWADSGVEIVLEATGFFATKEKAEKHLHPGGAKKVLITAPGGNDVKTVVFNTNHTILDGSETVISAGSCTTNSLAPMADALNKNFGVKGGTMTTVHSYTGDQMTLDGPHRGGDFRRARAAAENIVPASSGAAKAIGLVLPELSGLMKGHAQRVSTPTGSITELVTVLEKHVTVDEINEAMKAAADESFGYNVDEIVSSDIIGMAYGSLFDATLTEVTDLKDGGQLVKTAAWYDNEMSFTAQLIRTLEYFAKIAK,C(C(C=O)O)OP(=O)(O)O,36043
GAPD,A2RIN9,NAD,MVVKVGINGFGRIGRLALRRIQEVEGVEVAHINDLTDPAMLAHLLKYDTTQGRFKGTVEVKEDGFDVNGKFVKVTAERNPEDIQWADSGVEIVLEATGFFATKEKAEKHLHPGGAKKVLITAPGGNDVKTVVFNTNHTILDGSETVISAGSCTTNSLAPMADALNKNFGVKGGTMTTVHSYTGDQMTLDGPHRGGDFRRARAAAENIVPASSGAAKAIGLVLPELSGLMKGHAQRVSTPTGSITELVTVLEKHVTVDEINEAMKAAADESFGYNVDEIVSSDIIGMAYGSLFDATLTEVTDLKDGGQLVKTAAWYDNEMSFTAQLIRTLEYFAKIAK,C1=CC(=C[N+](=C1)C2C(C(C(O2)COP(=O)([O-])OP(=O)(O)OCC3C(C(C(O3)N4C=NC5=C(N=CN=C54)N)O)O)O)O)C(=O)N,36043
GAPD,A2RIN9,Phosphate,MVVKVGINGFGRIGRLALRRIQEVEGVEVAHINDLTDPAMLAHLLKYDTTQGRFKGTVEVKEDGFDVNGKFVKVTAERNPEDIQWADSGVEIVLEATGFFATKEKAEKHLHPGGAKKVLITAPGGNDVKTVVFNTNHTILDGSETVISAGSCTTNSLAPMADALNKNFGVKGGTMTTVHSYTGDQMTLDGPHRGGDFRRARAAAENIVPASSGAAKAIGLVLPELSGLMKGHAQRVSTPTGSITELVTVLEKHVTVDEINEAMKAAADESFGYNVDEIVSSDIIGMAYGSLFDATLTEVTDLKDGGQLVKTAAWYDNEMSFTAQLIRTLEYFAKIAK,[O-]P(=O)([O-])[O-],36043
GAPD,A2RP55,Glyceraldehyde 3-phosphate,MVVKVGINGFGRIGRLAFRRIQNVEGVEVVAINDLTDPAMLAHLLKYDTTQGRFDGKVEVKDGGFEVNGKFVKVTAESNPANINWAEVGAEIVLEATGFFATKEKAEQHLHANGAKKVVITAPGGSDVKTIVFNTNHEVLDGTETVISAGSCTTNCLAPMADTLNKQFGIKVGTMTTVHGYTGDQMTLDGPHRGGDFRRARAAAENIVPNSTGAAKAIGLVLPELQGKLQGHAQRVPVPTGSLTELVTILDKEVTVDEINAAMKAASNESFGYNEDQIVSSDIVGISNSSLFDATQTEVTSANGAQLVKTVSWYDNEMSYTSNLVRTLAYFAKIAK,C(C(C=O)O)OP(=O)(O)O,35819
GAPD,A2RP55,NAD,MVVKVGINGFGRIGRLAFRRIQNVEGVEVVAINDLTDPAMLAHLLKYDTTQGRFDGKVEVKDGGFEVNGKFVKVTAESNPANINWAEVGAEIVLEATGFFATKEKAEQHLHANGAKKVVITAPGGSDVKTIVFNTNHEVLDGTETVISAGSCTTNCLAPMADTLNKQFGIKVGTMTTVHGYTGDQMTLDGPHRGGDFRRARAAAENIVPNSTGAAKAIGLVLPELQGKLQGHAQRVPVPTGSLTELVTILDKEVTVDEINAAMKAASNESFGYNEDQIVSSDIVGISNSSLFDATQTEVTSANGAQLVKTVSWYDNEMSYTSNLVRTLAYFAKIAK,C1=CC(=C[N+](=C1)C2C(C(C(O2)COP(=O)([O-])OP(=O)(O)OCC3C(C(C(O3)N4C=NC5=C(N=CN=C54)N)O)O)O)O)C(=O)N,35819
GAPD,A2RP55,Phosphate,MVVKVGINGFGRIGRLAFRRIQNVEGVEVVAINDLTDPAMLAHLLKYDTTQGRFDGKVEVKDGGFEVNGKFVKVTAESNPANINWAEVGAEIVLEATGFFATKEKAEQHLHANGAKKVVITAPGGSDVKTIVFNTNHEVLDGTETVISAGSCTTNCLAPMADTLNKQFGIKVGTMTTVHGYTGDQMTLDGPHRGGDFRRARAAAENIVPNSTGAAKAIGLVLPELQGKLQGHAQRVPVPTGSLTELVTILDKEVTVDEINAAMKAASNESFGYNEDQIVSSDIVGISNSSLFDATQTEVTSANGAQLVKTVSWYDNEMSYTSNLVRTLAYFAKIAK,[O-]P(=O)([O-])[O-],35819
PGK,A2RHX1,3-Phospho-D-glyceroyl phosphate,MAKLTVKDVELKGKKVLVRVDFNVPIKDGVITNDNRITAALPTIKYILEQGGRAVLFSHLGRVKEESDKAGKSLAPVAKALSEKLGQDVVFPGATRGAELEAAINELKDGEILLVENTRFEDIDGKKESKNDPELGKYWASLGDGIFVNDAFGTAHRAHASNVGISANVEKAVAGFLLENEIAYIQEAVEAPERPFVAILGGSKVSDKIGVIENLLSKADKVIIGGGMAYTFLKAQGYEIGTSLVEDDKLDLAKELLEKAAGKLILPLDHKVANAFAGYTEVKETADQNIPAGFMGLDVANKTIADYNTQLEGAKTVVWNGPVGVFENPDFQAGTVGLMEAIVKQPGVKSIIGGGDSAAAAINLGYAEKFSWISTGGGASMELLEGKVLPGLAALTEK,C(C(C(=O)OP(=O)(O)O)O)OP(=O)(O)O,42107
PGK,A2RHX1,ADP,MAKLTVKDVELKGKKVLVRVDFNVPIKDGVITNDNRITAALPTIKYILEQGGRAVLFSHLGRVKEESDKAGKSLAPVAKALSEKLGQDVVFPGATRGAELEAAINELKDGEILLVENTRFEDIDGKKESKNDPELGKYWASLGDGIFVNDAFGTAHRAHASNVGISANVEKAVAGFLLENEIAYIQEAVEAPERPFVAILGGSKVSDKIGVIENLLSKADKVIIGGGMAYTFLKAQGYEIGTSLVEDDKLDLAKELLEKAAGKLILPLDHKVANAFAGYTEVKETADQNIPAGFMGLDVANKTIADYNTQLEGAKTVVWNGPVGVFENPDFQAGTVGLMEAIVKQPGVKSIIGGGDSAAAAINLGYAEKFSWISTGGGASMELLEGKVLPGLAALTEK,C1=NC(=C2C(=N1)N(C=N2)C3C(C(C(O3)COP(=O)(O)OP(=O)(O)O)O)O)N,42107
PGM,A2RI67,3-Phospho-D-glycerate,MPKLVFARHGESEWNLANLFTGWADVDLSENGTKQAIEAGKLIKEAGIEFDIAYTSVLKRAIKTTNLALEFSDQLWVPVVKSWRLNERHYGGLTGLNKADAAAKHGDEQVHIWRRSYDVLPPAMDHDDKYTAHGDRRYAGLEDSLIPDAENLKVTLERALPFWEDQIAPALKEGKNVFVGAHGNSIRALVKQIKKLSDDEIMDVEIPNFPPLVFEFDDNLNVQNEYYLAPKKA,C(C(C(=O)O)O)OP(=O)(O)O,26314
PGM,A2RMG2,3-Phospho-D-glycerate,MRIYFVRHGKTEWNLARRLQGQKGDSPLLPESYEAIKRVHKFLEPIEFDKVLSSPQKRALTTADLLTNQSVSTDKRLSEWNFGELEGWFIRDAIAKYPKEMHDSRFELDQFDGSAFGAESVTSVLARFDSLAGDLLNSKMDNVLLVGHGASGTAGMRHLAGFPIAELRSVGGLANNTVTVLESNGSHFDLKIWDKQL,C(C(C(=O)O)O)OP(=O)(O)O,22038
PGM,A2RLI6,3-Phospho-D-glycerate,MVNIYLVRHGKTMFNTIGRAQGWSDTPLTEAGEQGIIELGLGFKEKGIKFDRAYSSDSGRTIQTMGFILANSDNEGIPYTYDKRIREWCFGSFDGGYDGELFDGVLPRIFTETGNNHTDEFPPDEVIANAIFEVDTAGWAEPWEKLSGRIMDGFTDIAKESEAKGAKNIVVVSHGMTIGTFVKLAQPELPRPHGLDNGSVTHLTFEDGKFTIGKVGDMSYRETGSEKLAKK,C(C(C(=O)O)O)OP(=O)(O)O,25500
ENO,A2RIX1,D-Glycerate 2-phosphate,MSIITDIYAREVLDSRGNPTLEVEVYTEDGAFGRGMVPSGASTGEHEAVELRDGDKSRYNGLGTQKAVDNVNNIIAEAIIGYEVTDQQAIDRAMIALDGTENKGKLGANAILGVSIAAARAAADELGVPLYNYLGGFNAKVLPTPMMNIINGGSHSDAPIAFQEFMIVPVGAPTFKEALRWGAEIFHALKKILKARGLETAVGDEGGFAPKFDGTEDGVETILKAIEAAGYKAGEDGVMIGFDCASSEFYENGVYDYTKFEGEGGKKLSASEQVDYLEELVSKYPIITIEDGMDENDWDGWKILTERLGKKVQLVGDDFFVTNTKYLERGIRENASNAILIKVNQIGTLTETFEAIEMAKEAGFTAIVSHRSGETEDSTISDIAVATNAGQIKTGSLSRTDRMAKYNQLLRIEDQLAEVAQYKGLKAFYNLKK,C(C(C(=O)O)OP(=O)(O)O)O,46912
PYK,A2RKA3,Phosphoenolpyruvate,MNKRVKIVSTLGPAVEIRGGKKFGESGYWGESLDVEASAKNIAALIEEGANVFRFNFSHGDHPEQGARMATVHRAEEIAGHKVGFLLDTKGPEMRTELFTDGADSISVVTGDKFRVATKQGLKSTPELIALNVAGGLDIFDDVEIGQTILIDDGKLGLSLTGKDAATREFEVEAQNDGVIGKQKGVNIPNTKIPFPALAERDDADIRFGLSQPGGINFIAISFVRTANDVKEVRRICEETGNPHVQLLAKIENQQGIENLDEIIEAADGIMIARGDMGIEVPFEMVPVYQKLIISKVNKAGKIVVTATNMLESMTYNPRATRSEISDVFNAVIDGTDATMLSGESANGKYPRESVRTMATVNKNAQTMLKEYGRLHPERYDKSTVTEVVAASVKNAAEAMDVKLIVALTESGNTARLISKHRPDADILAITFDEKVERGLMINWGVIPMMTEKPASTDDMFEVAEKVALASGLVEAGDNIIIVAGVPVGTGRTNTMRIRTVK,C=C(C(=O)O)OP(=O)(O)O,54286
PYK,A2RKA3,ADP,MNKRVKIVSTLGPAVEIRGGKKFGESGYWGESLDVEASAKNIAALIEEGANVFRFNFSHGDHPEQGARMATVHRAEEIAGHKVGFLLDTKGPEMRTELFTDGADSISVVTGDKFRVATKQGLKSTPELIALNVAGGLDIFDDVEIGQTILIDDGKLGLSLTGKDAATREFEVEAQNDGVIGKQKGVNIPNTKIPFPALAERDDADIRFGLSQPGGINFIAISFVRTANDVKEVRRICEETGNPHVQLLAKIENQQGIENLDEIIEAADGIMIARGDMGIEVPFEMVPVYQKLIISKVNKAGKIVVTATNMLESMTYNPRATRSEISDVFNAVIDGTDATMLSGESANGKYPRESVRTMATVNKNAQTMLKEYGRLHPERYDKSTVTEVVAASVKNAAEAMDVKLIVALTESGNTARLISKHRPDADILAITFDEKVERGLMINWGVIPMMTEKPASTDDMFEVAEKVALASGLVEAGDNIIIVAGVPVGTGRTNTMRIRTVK,C1=NC(=C2C(=N1)N(C=N2)C3C(C(C(O3)COP(=O)(O)OP(=O)(O)O)O)O)N,54286
LDH_L,P0CI34,Pyruvate,MKITSRKVVVIGTGFVGTSIAYSMINQGLVNELVLIDVNQDKAEGEALDLLDGISWAQENVIVRAGNYKDCENADIVVITAGVNQKPGQSRLDLVNTNAKIMRSIVTQVMDSGFDGIFVIASNPVDILTYVAWETSGLDQSRIVGTGTTLDTTRFRKELATKLEIDPRSVHGYIIGEHGDSEVAVWSHTTIGGKPILEFIVKNKKIGLEDLSNLSNKVKNAAYEIIDKKQATYYGIGMSTARIVKAILNNEQVILPVSAYLRGEYGQEGVFTGVPSVVNQNGVREIIELNIDAYEMKQFEKSVSQLKEVIESIK,CC(=O)C(=O)[O-],34398
LDH_L,P0CI34,NADH,MKITSRKVVVIGTGFVGTSIAYSMINQGLVNELVLIDVNQDKAEGEALDLLDGISWAQENVIVRAGNYKDCENADIVVITAGVNQKPGQSRLDLVNTNAKIMRSIVTQVMDSGFDGIFVIASNPVDILTYVAWETSGLDQSRIVGTGTTLDTTRFRKELATKLEIDPRSVHGYIIGEHGDSEVAVWSHTTIGGKPILEFIVKNKKIGLEDLSNLSNKVKNAAYEIIDKKQATYYGIGMSTARIVKAILNNEQVILPVSAYLRGEYGQEGVFTGVPSVVNQNGVREIIELNIDAYEMKQFEKSVSQLKEVIESIK,C1C=CN(C=C1C(=O)N)C2C(C(C(O2)COP(=O)(O)OP(=O)(O)OCC3C(C(C(O3)N4C=NC5=C(N=CN=C54)N)O)O)O)O,34398
LDH_L,A2RL45,Pyruvate,MKINNKKVVIVGAGAVGSTYAHNLVVDDLADEIAIINTNKSKASANSLDLLHALPYLNSAPKNIYAADYADVADADIVVLSANAPSATFGKNPDRLQLLENNVEMIRDITRKTMDAGFDGIFLVASNPVDVLAQVVAEVSGLPKHRIIGTGTLLETSRMRQIVAEKLQINPKSIHGYVLAEHGKSSFAAWSNVTVGAIPLTTWLEKYPNPDFPTFDEIDQEIREVGLDIFMQKGNTSYGIAASLARLTRAIFRNESVILPVSAHLTGQYGQAELYTGSPAIIDRTGVRAVLELELTAEEQGKFEHSAALLKENFESIKEKCTL,CC(=O)C(=O)[O-],35047
LDH_L,A2RL45,NADH,MKINNKKVVIVGAGAVGSTYAHNLVVDDLADEIAIINTNKSKASANSLDLLHALPYLNSAPKNIYAADYADVADADIVVLSANAPSATFGKNPDRLQLLENNVEMIRDITRKTMDAGFDGIFLVASNPVDVLAQVVAEVSGLPKHRIIGTGTLLETSRMRQIVAEKLQINPKSIHGYVLAEHGKSSFAAWSNVTVGAIPLTTWLEKYPNPDFPTFDEIDQEIREVGLDIFMQKGNTSYGIAASLARLTRAIFRNESVILPVSAHLTGQYGQAELYTGSPAIIDRTGVRAVLELELTAEEQGKFEHSAALLKENFESIKEKCTL,C1C=CN(C=C1C(=O)N)C2C(C(C(O2)COP(=O)(O)OP(=O)(O)OCC3C(C(C(O3)N4C=NC5=C(N=CN=C54)N)O)O)O)O,35047
LDH_L,A2RKA4,Pyruvate,MADKQRKKVILVGDGAVGSSYAFALVNQGIAQELGIVDLFKEKTQGDAEDLSHALAFTSPKKIYSADYSDASDADLVVLTSGAPQKPGETRLDLVEKNLRITKDVVTKIVASGFKGIFLVAANPVDILTYATWKFSGFPKNRVVGSGTSLDTARFRQALAEKVDVDARSIHAYIMGEHGDSEFAVWSHANVAGVKLEQWFQENDYLNEAEIVELFESVRDAAYSIIAKKGATFYGVAVALARITKAILDDEHAVLPVSVFQDGQYGVSDCYLGQPAVVGAEGVVNPIHIPLNDAEMQKMEASGAQLKAIIDEAFAKEEFASAVKN,CC(=O)C(=O)[O-],35051
LDH_L,A2RKA4,NADH,MADKQRKKVILVGDGAVGSSYAFALVNQGIAQELGIVDLFKEKTQGDAEDLSHALAFTSPKKIYSADYSDASDADLVVLTSGAPQKPGETRLDLVEKNLRITKDVVTKIVASGFKGIFLVAANPVDILTYATWKFSGFPKNRVVGSGTSLDTARFRQALAEKVDVDARSIHAYIMGEHGDSEFAVWSHANVAGVKLEQWFQENDYLNEAEIVELFESVRDAAYSIIAKKGATFYGVAVALARITKAILDDEHAVLPVSVFQDGQYGVSDCYLGQPAVVGAEGVVNPIHIPLNDAEMQKMEASGAQLKAIIDEAFAKEEFASAVKN,C1C=CN(C=C1C(=O)N)C2C(C(C(O2)COP(=O)(O)OP(=O)(O)OCC3C(C(C(O3)N4C=NC5=C(N=CN=C54)N)O)O)O)O,35051
PFL,O32799,Pyruvate,MKTEVTENIFEQAWDGFKGTNWRDKASVTRFVQENYKPYDGDESFLAGPTERTLKVKKIIEDTKNHYEEVGFPFDTDRVTSIDKIPAGYIDANDKELELIYGMQNSELFRLNFMPRGGLRVAEKILTEHGLSVDPGLHDVLSQTMTSVNDGIFRAYTSAIRKARHAHTVTGLPDAYSRGRIIGVYARLALYGADYLMKEKAKEWDAITEINDDNIRLKEEINMQYQALQEVVNFGALYGLDVSRPAMNVKEAIQWVNIAYMAVCRVINGAATSLGRVPIVLDIFAERDLARGTFTEQEIQEFVDDFILKLRTMKFARAAAYDELYSGDPTFITTSMAGMGNDGRHRVTKMDYRFLNTLDTIGNAPEPNLTVLWDSKLPYSFKRYSMSMSHKHSSIQYEGVETMAKDGYGEMSCISCCVSPLDPENEEGRHNLQYFGARVNVLKAMLTGLNGGYDDVHKDYKVFDIEPVRDEILDYDTVMENFDKSLNWLTDTYVDAMNIIHYMTDKYNYEAVQMAFLPTKVRANMGFGICGFANTVDSLSAIKYAKVKTLRDENGYIYDYEVEGDFPRYGEDDDRADDIAKLVMKMYHEKLASHKLYKNAEATVSLLTITSNVAYSKQTGNSPVHKGVFLNEDGTVNKSKLEFFSPGANPSNKAKGGWLQNLRSLAKLEFKDANDGISLTTQVSPRALGKTRDEQVDNLVQILDGYFTPGALINGTEFAGQHVNLNVMDLKDVYDKIMRGEDVIVRISGYCVNTKYLTPEQKQELTERVFHEVLSNDDEEVMHTSNI,CC(=O)C(=O)[O-],89107
PFL,O32799,Coenzyme A,MKTEVTENIFEQAWDGFKGTNWRDKASVTRFVQENYKPYDGDESFLAGPTERTLKVKKIIEDTKNHYEEVGFPFDTDRVTSIDKIPAGYIDANDKELELIYGMQNSELFRLNFMPRGGLRVAEKILTEHGLSVDPGLHDVLSQTMTSVNDGIFRAYTSAIRKARHAHTVTGLPDAYSRGRIIGVYARLALYGADYLMKEKAKEWDAITEINDDNIRLKEEINMQYQALQEVVNFGALYGLDVSRPAMNVKEAIQWVNIAYMAVCRVINGAATSLGRVPIVLDIFAERDLARGTFTEQEIQEFVDDFILKLRTMKFARAAAYDELYSGDPTFITTSMAGMGNDGRHRVTKMDYRFLNTLDTIGNAPEPNLTVLWDSKLPYSFKRYSMSMSHKHSSIQYEGVETMAKDGYGEMSCISCCVSPLDPENEEGRHNLQYFGARVNVLKAMLTGLNGGYDDVHKDYKVFDIEPVRDEILDYDTVMENFDKSLNWLTDTYVDAMNIIHYMTDKYNYEAVQMAFLPTKVRANMGFGICGFANTVDSLSAIKYAKVKTLRDENGYIYDYEVEGDFPRYGEDDDRADDIAKLVMKMYHEKLASHKLYKNAEATVSLLTITSNVAYSKQTGNSPVHKGVFLNEDGTVNKSKLEFFSPGANPSNKAKGGWLQNLRSLAKLEFKDANDGISLTTQVSPRALGKTRDEQVDNLVQILDGYFTPGALINGTEFAGQHVNLNVMDLKDVYDKIMRGEDVIVRISGYCVNTKYLTPEQKQELTERVFHEVLSNDDEEVMHTSNI,CC(C)(COP(=O)(O)OP(=O)(O)OCC1C(C(C(O1)N2C=NC3=C(N=CN=C32)N)O)OP(=O)(O)O)C(C(=O)NCCC(=O)NCCS)O,89107
PDH,A2RHE4,Pyruvate,MSNSEQILDFKTQLSLQDTAFPMLQILNEEGKIVDEEGLKRAGLSDEKLVELFKSMLFARQVDIRSMKLAKQGRMGFFGPHAGQEASQMASAFAFTDEDWLFPGYRDLPQIYAKGWPIWKGLLWSRGHQLGNEYTTDDGKPVNSWFPQIIIGAQYVEAAGVALGLKKRKKDAVAFVYTGDGGSSQGDTYEGINFAGAYKAPLVAFIQNNGYAISTPRSLQSAAPHLAAKGWAAGAPSIVVDGMDAIAMYLASKEARAWAVAGNGPVVIEAITNRLEPHSTAGDDPLRYRTKEDIEAWWKKEPLVRMRNFLTEKGLWDTDKEEAYVAELDARIDADIKKANNVEKQKISSFIKNTLEVPSQAMAEQIAKFESEGK,CC(=O)C(=O)[O-],41352
PDH,A2RHE4,Coenzyme A,MSNSEQILDFKTQLSLQDTAFPMLQILNEEGKIVDEEGLKRAGLSDEKLVELFKSMLFARQVDIRSMKLAKQGRMGFFGPHAGQEASQMASAFAFTDEDWLFPGYRDLPQIYAKGWPIWKGLLWSRGHQLGNEYTTDDGKPVNSWFPQIIIGAQYVEAAGVALGLKKRKKDAVAFVYTGDGGSSQGDTYEGINFAGAYKAPLVAFIQNNGYAISTPRSLQSAAPHLAAKGWAAGAPSIVVDGMDAIAMYLASKEARAWAVAGNGPVVIEAITNRLEPHSTAGDDPLRYRTKEDIEAWWKKEPLVRMRNFLTEKGLWDTDKEEAYVAELDARIDADIKKANNVEKQKISSFIKNTLEVPSQAMAEQIAKFESEGK,CC(C)(COP(=O)(O)OP(=O)(O)OCC1C(C(C(O1)N2C=NC3=C(N=CN=C32)N)O)OP(=O)(O)O)C(C(=O)NCCC(=O)NCCS)O,41352
PDH,A2RHE4,NAD,MSNSEQILDFKTQLSLQDTAFPMLQILNEEGKIVDEEGLKRAGLSDEKLVELFKSMLFARQVDIRSMKLAKQGRMGFFGPHAGQEASQMASAFAFTDEDWLFPGYRDLPQIYAKGWPIWKGLLWSRGHQLGNEYTTDDGKPVNSWFPQIIIGAQYVEAAGVALGLKKRKKDAVAFVYTGDGGSSQGDTYEGINFAGAYKAPLVAFIQNNGYAISTPRSLQSAAPHLAAKGWAAGAPSIVVDGMDAIAMYLASKEARAWAVAGNGPVVIEAITNRLEPHSTAGDDPLRYRTKEDIEAWWKKEPLVRMRNFLTEKGLWDTDKEEAYVAELDARIDADIKKANNVEKQKISSFIKNTLEVPSQAMAEQIAKFESEGK,C1=CC(=C[N+](=C1)C2C(C(C(O2)COP(=O)([O-])OP(=O)(O)OCC3C(C(C(O3)N4C=NC5=C(N=CN=C54)N)O)O)O)O)C(=O)N,41352
PTAr,A2RJB5,Acetyl-CoA,MELFESLKQKISGKDLKIVFPEGTDTRILGAANRLNADGLITPVFIGNVKEVTETLISRGINPEGFEIYDPENCGRFETMTETFVERRKGKVTEEQAKEILKDPNYFGTMLVYMGIADGMVSGAIHSTADTVRPALQIIKTKPGVKSVSGAFIMVRGRDDNEKYIFGDCAINIKPDAPTLADIAVASAETARLFDIDPKIAMLSFSTKGSGKSEDVDKVVEATTLVKEGHPEVEIDGELQFDAAFVPAVARQKAPDSEVAGRANVFIFPDIQSGNIGYKIAQRLGNFEAIGPILQGLNAPVSDLSRGCNEEDVYKLAIITAAQALK,CC(=O)SCCNC(=O)CCNC(=O)C(C(C)(C)COP(=O)(O)OP(=O)(O)OCC1C(C(C(O1)N2C=NC3=C(N=CN=C32)N)O)OP(=O)(O)O)O,35291
PTAr,A2RJB5,Phosphate,MELFESLKQKISGKDLKIVFPEGTDTRILGAANRLNADGLITPVFIGNVKEVTETLISRGINPEGFEIYDPENCGRFETMTETFVERRKGKVTEEQAKEILKDPNYFGTMLVYMGIADGMVSGAIHSTADTVRPALQIIKTKPGVKSVSGAFIMVRGRDDNEKYIFGDCAINIKPDAPTLADIAVASAETARLFDIDPKIAMLSFSTKGSGKSEDVDKVVEATTLVKEGHPEVEIDGELQFDAAFVPAVARQKAPDSEVAGRANVFIFPDIQSGNIGYKIAQRLGNFEAIGPILQGLNAPVSDLSRGCNEEDVYKLAIITAAQALK,[O-]P(=O)([O-])[O-],35291
ACKr,A2RNG4,Acetyl phosphate,MEKTLAVNAGSSSLKWQLYEMPEETVIAKGIFERIGLSGSISTTKFNNEEHVRKQEIVDHRQAVLLLMDELIHFQLIHEFREITGIGHRVVAGGEFFKDSTIITPEVLAEIKNLSTLAPLHNPANVLGIEAFQRLLPDALAVAVFDTAFHSTLPEKAYRYPIPTKYYEDYSIRKYGAHGTSHMYVAQEAAKVLGKPLEELKIITAHIGNGASITAIEGGKSVDTSMGFTPLAGVMMGTRAGEMDASVIPYMLESDPSLRNAQDVIDILNKESGVLGVSELSSDMRDLSEAVAKGNPKAILAYEMYVDRLKKFIAQYFGVLNGADALIFTAGVGENDTAVRTDVVNGLSWFGMEIDESKNVRGAFGIISKPESKVKVLVVPTNEELVIARDVEAAK,CC(=O)OP(=O)(O)O,43174
ACKr,A2RNG4,ADP,MEKTLAVNAGSSSLKWQLYEMPEETVIAKGIFERIGLSGSISTTKFNNEEHVRKQEIVDHRQAVLLLMDELIHFQLIHEFREITGIGHRVVAGGEFFKDSTIITPEVLAEIKNLSTLAPLHNPANVLGIEAFQRLLPDALAVAVFDTAFHSTLPEKAYRYPIPTKYYEDYSIRKYGAHGTSHMYVAQEAAKVLGKPLEELKIITAHIGNGASITAIEGGKSVDTSMGFTPLAGVMMGTRAGEMDASVIPYMLESDPSLRNAQDVIDILNKESGVLGVSELSSDMRDLSEAVAKGNPKAILAYEMYVDRLKKFIAQYFGVLNGADALIFTAGVGENDTAVRTDVVNGLSWFGMEIDESKNVRGAFGIISKPESKVKVLVVPTNEELVIARDVEAAK,C1=NC(=C2C(=N1)N(C=N2)C3C(C(C(O3)COP(=O)(O)OP(=O)(O)O)O)O)N,43174
ACKr,A2RNG5,Acetyl phosphate,MTKTLAVNAGSSSMKWQMYEMPEEKVLAKGLIERIGLKDSIVTVKFGEEKEERVFDIPNHTEAVEVLLEDLKRLKIVEEFTEITGVGHRVVAGGEIFQKSTVVTPEVLQQVKDLSALAPLHNPANAAGIEAFLNLLPDATSVVVFDTAFHTTMPEKAFRYPLPKKYYTDYAVRKYGAHGTSHMYVSQEAAKLLGKPIEETKIITAHIGNGASITAVKGGESVDTSMGFTPLAGVMMGTRTGEMDPSVFPYLIENDSELKDAQDVVDMMNKESGLYGVSGISSDMRDIIAAKDTDADAKLAFEMYVDRIQKFIGQYLAVLNGADALVFTAGIGENSVPVREAILSGLTWFGIEVDPEKNVFGVEGEISKPSSRLKVFVIPTDEELVIARDVEALKK,CC(=O)OP(=O)(O)O,43144
ACKr,A2RNG5,ADP,MTKTLAVNAGSSSMKWQMYEMPEEKVLAKGLIERIGLKDSIVTVKFGEEKEERVFDIPNHTEAVEVLLEDLKRLKIVEEFTEITGVGHRVVAGGEIFQKSTVVTPEVLQQVKDLSALAPLHNPANAAGIEAFLNLLPDATSVVVFDTAFHTTMPEKAFRYPLPKKYYTDYAVRKYGAHGTSHMYVSQEAAKLLGKPIEETKIITAHIGNGASITAVKGGESVDTSMGFTPLAGVMMGTRTGEMDPSVFPYLIENDSELKDAQDVVDMMNKESGLYGVSGISSDMRDIIAAKDTDADAKLAFEMYVDRIQKFIGQYLAVLNGADALVFTAGIGENSVPVREAILSGLTWFGIEVDPEKNVFGVEGEISKPSSRLKVFVIPTDEELVIARDVEALKK,C1=NC(=C2C(=N1)N(C=N2)C3C(C(C(O3)COP(=O)(O)OP(=O)(O)O)O)O)N,43144
ACCOAC,A2RM22,Acetyl-CoA,MSETIDSLTGEVSQKNIADIINEARAADRISARDIIDKVFTDFFELHGDRQLTDDEAIVGGIARFNNQAVTVIGIQKGRNLAENLATNFGQPSPNGYRKALRLMKQAEKFGRPVITFINTAGAYPGIEAEERGQGEAIARNLLEMSDLKVPIIAFITGEGGSGGALALALANKVYILENAVYSVLSPEGFATILWKDGSRRDEAAELMKITAPHLLEMGLVDAIVSEENLIENLKRQLTESLGELSLLTEIELAEQRYERFRKY,CC(=O)SCCNC(=O)CCNC(=O)C(C(C)(C)COP(=O)(O)OP(=O)(O)OCC1C(C(C(O1)N2C=NC3=C(N=CN=C32)N)O)OP(=O)(O)O)O,29028
ACCOAC,A2RM23,Acetyl-CoA,MALFQKKKYIKINPNRSIIEKQAEQPEVPDELFAKCPACKHTIYQKDLGKNKVCPNCDYNFRITAKERLAIVADKDSFIEMFTGIESKNPLDFPGYPEKLAATKARTGLDEAVMTGTATIKGQKTALAIMDSTFIMASMGTVVGEKLTRLFEYATTEKLPIIVFTASGGARMQEGIMSLMQMAKTSAAVKRHSNAGLFYITVLTDPTTGGVTASFASLGDIILAEPQSLIGFAGRRVIEQTVRQTLPDDFQKAEFLLNHGFVDAIVKRTELRQKLALLLELHTEVENV,CC(=O)SCCNC(=O)CCNC(=O)C(C(C)(C)COP(=O)(O)OP(=O)(O)OCC1C(C(C(O1)N2C=NC3=C(N=CN=C32)N)O)OP(=O)(O)O)O,31802
ACCOAC,A2RM24,Bicarbonate,MFNKILIANRGEIAVRIIRAARELGVGTVAIYSTADRDALHVHLADEAICVGPARSTESYLNMNNILSAAVATGAQAIHPGFGFLSENSKFARLCEEMNIKFIGPSAKVMDMMGDKINARAEMIKADVPVTPGSEGEVHTTDEAVKIAEEIGYPIMLKASAGGGGKGIRKVNNVEELVPAFEAAQAEAQAAFGNGAMFIERMIFPARHIEVQILGDSQGNVIHLGERDCSLQRNNQKVLEESPSVAIGHTLRNEITAAAVKAAQHVSYENAGTIEFLLDESSGKFYFMEMNTRVQVEHPVTEFVSGVDIVKEQIRVANGNELSVKQEDVTFSGHAIECRINAENPKFNFAPSPGKITNLFLPSGGVGLRVDSAMYSGYSIPPYYDSMIAKVIVHGENRFEALMKMQRALLEFDVEGVITNVDFQLELISDPHVVAGDYDTSFLGNVFLPEYQKED,C(=O)(O)[O-],49557
ACCOAC,A2RM24,ATP,MFNKILIANRGEIAVRIIRAARELGVGTVAIYSTADRDALHVHLADEAICVGPARSTESYLNMNNILSAAVATGAQAIHPGFGFLSENSKFARLCEEMNIKFIGPSAKVMDMMGDKINARAEMIKADVPVTPGSEGEVHTTDEAVKIAEEIGYPIMLKASAGGGGKGIRKVNNVEELVPAFEAAQAEAQAAFGNGAMFIERMIFPARHIEVQILGDSQGNVIHLGERDCSLQRNNQKVLEESPSVAIGHTLRNEITAAAVKAAQHVSYENAGTIEFLLDESSGKFYFMEMNTRVQVEHPVTEFVSGVDIVKEQIRVANGNELSVKQEDVTFSGHAIECRINAENPKFNFAPSPGKITNLFLPSGGVGLRVDSAMYSGYSIPPYYDSMIAKVIVHGENRFEALMKMQRALLEFDVEGVITNVDFQLELISDPHVVAGDYDTSFLGNVFLPEYQKED,C1=NC(=C2C(=N1)N(C=N2)C3C(C(C(O3)COP(=O)(O)OP(=O)(O)OP(=O)(O)O)O)O)N,49557
MACPMT,A2RM30,Malonyl-CoA,MTKTAFLFSGQGAQQLGMARDLYDQHESVKTTFDEASKALGYDLRALIDHDEEKLNETEYTQPAILTTSVAIMRLLNENGIKPDVVAGLSLGEYSALVASGIIDFQEAVKLVAKRGQYMTEAAPTGSGKMVAVMNTEPALIEEICQKASERGIVSPANYNTPAQIVIGGEVLAVDYAVELLKEAGVRKLIELKVSGPFHTAILKPASEKLALELDKINFKSFELPLISNTSAKVMQEDEVKALLTRQVMEPVRFYESVETMQKVGVTRFIEVGPGKVLSGFIKKIDKNAEFTNVCDVATFEALISQ,CC(C)(COP(=O)(O)OP(=O)(O)OCC1C(C(C(O1)N2C=NC3=C(N=CN=C32)N)O)OP(=O)(O)O)C(C(=O)NCCC(=O)NCCSC(=O)CC(=O)O)O,33411
MACPMT,A2RM30,Acyl carrier protein,MTKTAFLFSGQGAQQLGMARDLYDQHESVKTTFDEASKALGYDLRALIDHDEEKLNETEYTQPAILTTSVAIMRLLNENGIKPDVVAGLSLGEYSALVASGIIDFQEAVKLVAKRGQYMTEAAPTGSGKMVAVMNTEPALIEEICQKASERGIVSPANYNTPAQIVIGGEVLAVDYAVELLKEAGVRKLIELKVSGPFHTAILKPASEKLALELDKINFKSFELPLISNTSAKVMQEDEVKALLTRQVMEPVRFYESVETMQKVGVTRFIEVGPGKVLSGFIKKIDKNAEFTNVCDVATFEALISQ,CCC(C)C(C(=O)NC(CC(=O)O)C(=O)NC(CC1=CC=C(C=C1)O)C(=O)NC(C(C)CC)C(=O)NC(CC(=O)N)C(=O)NCC(=O)O)NC(=O)C(C)NC(=O)C(C)NC(=O)C(CCC(=O)N)NC(=O)C(C(C)C)N,33411
ACOATA,A2RM32,Acetyl-CoA,MTFAKITQAAHYVPENVVSNDDLSKIMDTNDEWIYSRTGIKNRHISTGENTSDLATKVAKQLIENSGVDPELIDFIIVATVTPDSMMPSTAARVQAQVGATNAFAYDLTAACSGFVFALSTAEKLISSGAYQRGIVIGAEVFSKVIDWSDRSTAVLFGDGAAGVLLDNSGSQPLIIAEKMQTDGKRGGSLLSSYADIQTPFASVSYEGSNLSMEGRAIFDFAVRDVPKNIQATLEKSDLAAEEIDYYLLHQANSRILDKMAKKLGVTRDKFLQNMQEYGNTSAASIPILLSESVKNGIFSLDGQTKVVLTGFGGGLTWGTAIINL,CC(=O)SCCNC(=O)CCNC(=O)C(C(C)(C)COP(=O)(O)OP(=O)(O)OCC1C(C(C(O1)N2C=NC3=C(N=CN=C32)N)O)OP(=O)(O)O)O,34876
ACOATA,A2RM32,Acyl carrier protein,MTFAKITQAAHYVPENVVSNDDLSKIMDTNDEWIYSRTGIKNRHISTGENTSDLATKVAKQLIENSGVDPELIDFIIVATVTPDSMMPSTAARVQAQVGATNAFAYDLTAACSGFVFALSTAEKLISSGAYQRGIVIGAEVFSKVIDWSDRSTAVLFGDGAAGVLLDNSGSQPLIIAEKMQTDGKRGGSLLSSYADIQTPFASVSYEGSNLSMEGRAIFDFAVRDVPKNIQATLEKSDLAAEEIDYYLLHQANSRILDKMAKKLGVTRDKFLQNMQEYGNTSAASIPILLSESVKNGIFSLDGQTKVVLTGFGGGLTWGTAIINL,CCC(C)C(C(=O)NC(CC(=O)O)C(=O)NC(CC1=CC=C(C=C1)O)C(=O)NC(C(C)CC)C(=O)NC(CC(=O)N)C(=O)NCC(=O)O)NC(=O)C(C)NC(=O)C(C)NC(=O)C(CCC(=O)N)NC(=O)C(C(C)C)N,34876
