rxn,uniprot_id,substrate,seq,smiles,mw,pred_log10kcat_T25.0,pred_log10kcat_T30.0,pred_log10kcat_T37.0,pred_log10kcat_T40.0,pred_log10kcat_T42.0
GLCpts,F9UN60,Phosphoenolpyruvate,MAEKVLKGIAASDGVAIAKAYMLVDPDLSFEKTTVSDTDAEVARLHDAFDASKAELKVIKDKAVENLGEEEAEVFEAHITILSDPEMLGQIEGKIKDDKVNAEEALKEVTDTFISMFEAMTDNAYMQERAGDIRDVTKRVLSHLLGVTLPSPALIDSEVIVVAHDLTPSDTAQLDRKYVKGFITDIGGRTSHSAIMSRTLEIPAVVGSESATTDIKEGDTVVLDGINGDALVAPTDAEVADYQQKAKDFVAQKAEWAKLKNEATVSKDGKHFELASNIGTPDDMDGVLDAGSEAIGLFRSEFLYMNSSELPDEDTQFEAYKKVVEGMNGKPVIVRTMDIGGDKELPYLPLPDEMNPFLGYRAIRISLDRDDIFRTQLRALLRASHYGQLRIMFPMIATLDEFRKAKAIFEEEKAKLVAAGTPVADDIKLGIMIEIPAAAILADQFAKEVDFFSIGTNDLIQYSFAADRGNEQVSYLYQPYNPSLLRLIKHVIDAAHANGRFTGMCGEVAGDQIAVPLLMGLGLDEFSMSSTSVLKTRSLMKKLDTKEMAKLADKALNECVTNEEVKELVEKNVFGK,C=C(C(=O)O)OP(=O)(O)O,63111,0.7602611780166626,0.6708561182022095,0.5246165990829468,0.4806200563907623,0.4727796018123626
GLCpts,F9UR54,D-Glucose,MKTYFQKIGQSLMLPIATLPAAAILVGIGNYLPKQWLFANYLIQGGNVVLNNLALLFAVGLAIGMSVNKDGAAAIAGLIAFEVPVMVLKPATLATMLNVKVSQINPAFSALDNNVLIGISAGLIAAALYNRFHEVKLPMALSFFSGKRLVPIMAAFVMLIVTAVLYLVWPFVYDAIVLFATGISKLGFVGAGLYGFFNRLLIPTGLHHALNSVFWYNVAGINDIGNFWASHGVKGITGMYEAGFFPIMMFGLPAGAYAIYRNARPERKKEVGSLMLAGAFASFFTGVTEPLEFSFMFVAWPLYLLHAVFMGLSLGFAALMHWTASFSFSGGLVDYLLSFRMPLANQPYMLLVQGLVMAVIYYFGFDFAIKRFNLKTPGREVVSADVDGVGAPASPAVAVAATDDKYMRQAKQIYAAIGGHDNISVINNCTTRLRLQLKDTEKVDQPAVMAAGVPGLNVLDVHNIHIVIGTEVQFVAEALQKLFSGQVATTPASDAESKAPVEPQTATVTEAPVTTILRAPATGQLMPISTVADETFAGKLLGDGYAVEPEDGEVVAPVSGTVTSVFPTKHAIGLKTTSGLEVLLHMGINTVEMNGTPFKLHVATGDEIAAGTAVATVDLAAIKSAGKATTMMVVITNMDHVNKLTLNPTGHVTSGDLIGAAE,C(C1C(C(C(C(O1)O)O)O)O)O,70323,2.120079040527344,2.100109577178955,2.1118597984313965,2.1226651668548584,2.1298608779907227
PGI,Q88UI4,D-Glucose 6-phosphate,MAHISFDSSNLTKFVHNNELGEMQAMVTAADKELREGTGAGNDFRGWLNLPTDYDKEEFARIKTAAKKIQDDSDVLVVIGIGGSYLGARAAIEFLHETFWSSLSREDRKFPQVVFAGNSISSSYVNDLIHLIGDRDFSVNIISKSGTTTEPSIAFRVFKERLIAKYGEEAAKGRIYATTDRKRGALKQEADAEGYETFVIPDDVGGRFTVLTPVGLLPIAVSGGDIDSLMKGAADAQNEYKDADLSKNEAYQYAAYRNILYRKGYTTEILENYEPNMAMFSEWWKQLMGESEGKDQKGIYPSSANFTTDLHSLGQYIQEGRRNLMETVVKVDNATSDVDIPKETENLDGLKYLEGKTMAQVNTKAFEGVIMAHVDGGVPNMVVNIPSQDAYTLGYTMYFFEAAVAISGYLNGINPFNQPGVEAYKNNMFALLGKPGYEELTKKLTARLSD,C(C(C(C(C(C=O)O)O)O)O)OP(=O)(O)O,49847,1.16099750995636,1.1450251340866089,1.1306641101837158,1.126497507095337,1.1225577592849731
PGMT,F9ULZ0,D-Glucose 6-phosphate,MSWQDTYNTWKNQATLETSLKQELTGMAGDDAALEDAFYEPMEFGTAGMRGVLGPGINRMNIYTVRQATEGLARFMDTLPAEVKERGVAISFDSRHHSEDFAHESARVLGQHGIKSYVFESLRPTPELSFTVRHLHTYAGIMITASHNPKQYNGYKIYGEDGGQMPPKESDLITSYIRKVDDVFAIAVADEQQLLADKTETIIGDDVDQDYLAKVKEVTINQKLVDEVGKDMKLVFTPLHGTGRMLGEKALKNAGFKNFSVVKEQAVADPEFSTVKFPNPEFPEAFKMAIDLGKKEGADVLIAVDPDADRLGTAVRQPNGEYVLLTGNQIAAVLLHYILQANKDAGTLPTNAAAVKSIVSSEFATKVAASYGVTMINVLTGFKYIAEQIEHFEATGEHTYMFGFEESYGYLIKPFVHDKDAIQTTVLLAEVAAYYKQQGKNLYDGLQDLFKEYGYFREQTTSEEFDGVGGSDKIAALMTKFRSEAPTAFAGYDVTGTEDFQSQTESFADGHTAPIALPKANVLKYHLNDGTWIAIRPSGTEPKIKFYIGTLGSTLEEANDKLAKFEDAIQAFIKE,C(C(C(C(C(C=O)O)O)O)O)OP(=O)(O)O,63537,0.2731289863586426,0.2821390032768249,0.2920640707015991,0.2953361868858337,0.2975228130817413
GALU,F9ULY4,D-Glucose 1-phosphate,MSKVRKAVIPAAGLGTRFLPATKAMPKEMLPIVDKPTIQFIVDEARKSGIEDIVIVTGKSKRSIEDYYDSNPELEDNLRAKHKEEMLKLVQETTDINLYFIRQSHPRGLGDAVLTAKAFVGDEPFVVMLGDDLMEDKVPLTKQLMNSYDKTHASTLAVMKVPHEEVSKYGVINPESEKEPGLYNVNNFVEKPSPEDAPSDLAIIGRYLLTPEIFDVLENQKPGKGDEIQLTDAIDTLNKTQRVFAHEFKGTRHDVGYKFGYLKTTIEYGLTHPDVKADLRTYIKDLGAKLSKEDSAAPKTTKKPTK,C(C1C(C(C(C(O1)OP(=O)(O)O)O)O)O)O,34248,-0.7826223373413086,-0.8230184316635132,-0.8706506490707397,-0.8774843215942383,-0.8833856582641602
UDPG4E,F9ULU4,UDPglucose,MSILVLGGAGYIGSHMVDRLVEHGTDVVVVDNLVTGHRAAVNSAAKFYQGDLRDADFLNHVFDTEDIEAVVHFAAFSIVPESMSKPLKYFDNNTGGMITLLETMQAHDVKQIVFSSTAATYGTPKQIPIKETDPQLPINPYGASKLMMEQIMHWADVAYGIKFVALRYFNVAGAKPDGSIGEDHGPETHLVPIILQVAQGKRDELKIFGDDYNTPDGTNVRDYVHVVDLADAHILALKYLAAGNDSNAFNLGSSTGFSNKQMLAAAREVTGQPIPAKLAPRRPGDPDSLVAASDKARDVLGWQPNYDNVNDIIETAWAWTQKHPNGYDDRD,C1=CN(C(=O)NC1=O)C2C(C(C(O2)COP(=O)(O)OP(=O)(O)OC3C(C(C(C(O3)CO)O)O)O)O)O,36150,1.365348219871521,1.4366377592086792,1.5262119770050049,1.5658711194992063,1.595807671546936
UDPG4E,F9UMZ8,UDPglucose,MKALVTGGAGFIGSHLVDHLVSEGLDVVVVDNLSMGDLHNIKYQDEVTIYVEDVRNEKFMQQLLQEERPDYIYFLAAVASVADSIERPAETHSVNQTAVFNMLEYIRKTNLPIKQFLFTSSAAVYGNLPELPKKEDSRVDPLSPYAIDKYATERFVLAYGELYDLPTVCVRFFNVYGPGQNPSSPYSGVLSILTDCLNNKKPFTLYGDGSQTRDFVYVEDVIQALWLITKSDTEHEVFNIANGNEASLNAIIETYEKVAETSLQIKKAPGREGEVKRSVANIGKLIKLGYTTKWSLEAGLSKYWEGAQQREASRN,C1=CN(C(=O)NC1=O)C2C(C(C(O2)COP(=O)(O)OP(=O)(O)OC3C(C(C(C(O3)CO)O)O)O)O)O,35272,-0.9884423017501832,-1.0293015241622925,-1.0768502950668335,-1.0975314378738403,-1.1148712635040283
UDPG4E,F9UQ52,UDPglucose,MKALVTGGAGFIGSHLVDHLVESGFEVVVVDDLSMGAISNIKHWEQITIYVADVCDDKFMQQLLADERPDYIYFLAAIASVADSIERPAETHAVNHTAVFNLLEHIRQIRLPIKQFLFTSSAAVYGNLPELPKREDSRVAPVSPYAIDKYATERFVLAYGELYDLPTVCVRFFNVYGPRQNPSSPYSGVLSILTDCLKTQRPFTLFGDGTQTRDFVYVSDVIKALWLITEHQVQHEVINIANGLETSLNGIIQMYQEIAGQQLEIKRAEQRGGEVDHSVASIGKLARLNYESEWPLRRGLTKYWEGECEHARS,C1=CN(C(=O)NC1=O)C2C(C(C(O2)COP(=O)(O)OP(=O)(O)OC3C(C(C(C(O3)CO)O)O)O)O)O,35210,1.0923562049865725,1.1252931356430054,1.1829017400741575,1.2268075942993164,1.263437032699585
UDPG4E,F9UUE7,UDPglucose,MAVLVLGGAGYIGSHAVDRLVAKGYDVAVVDNLVTGHRAAVNEHARFYEGDVRDTAFMNTVFDQENVEGVIHFAAFSVVPESMKDPLKYFDNNTAGMVKLLKVMAKHDVKKIVFSSTAATYGEPKQVPIKESDPQVPTNPYGESKLAMEKIMHWSDVAYGIKFVALRYFNVAGAKPDGSIGEDHAPETHLVPIILQVAAGERDQLQIFGDDYPTPDGTNVRDYVHVVDLADAHILALEYLKQGHDSDAFNLGSSTGFSNKQMLDAAREVTGKPIPAVMAPRRAGDPSTLVAASDKARTVLGWTPQYDDVKEIIKTAWTWKESHPAGYDDRGGQA,C1=CN(C(=O)NC1=O)C2C(C(C(O2)COP(=O)(O)OP(=O)(O)OC3C(C(C(C(O3)CO)O)O)O)O)O,36401,1.1417900323867798,1.1202887296676636,1.171181321144104,1.2064632177352903,1.2420092821121216
G6PDH2r,F9URG7,D-Glucose 6-phosphate,MSNEKIALFTIFGGTGDLAQRKLYPSLFKLYQKGYLKDHFAVIGTARRPWTDDHYHEVISDSLADLNADQETVTQFASHFYYQSHDVTDAEHYRTLKKLSEKLDAQYGLQGNRIFYLAMAPNFFGTIAQHLRSENILTDNGFNRVIIEKPFGHDYESAKELNDQLTATFNENQIYRIDHYLGKEMIQNITAIRFGNNIWESLWNNRYIDNVQITLSEKLGVEERAVYYDNSGALRDMVQNHILQILSLLTMDQPVEFTENDIDVEKVKALRSLRPLKPEEVATNFVRGQYGAGDDAKAYRDEDKISSDSNTDTFVAGKVMIDNYRWSGVPFYIRTGKRLADKFTRIDVVFKRPVVNIFNHEDVRANDDAATSLDPNILTINVEPTEGFELRMNAKAIGQGFATTPVKLNYSHDAEATAGSPEAYERLLHDALNGDATNFTHWQEVADSWKFVDVIQKYWDEHQPEFPNYRPGTMGPDAADELLRQDGHRWVYRN,C(C(C(C(C(C=O)O)O)O)O)OP(=O)(O)O,56786,-0.3745472431182861,-0.39466235041618347,-0.4111216366291046,-0.4084356129169464,-0.40684035420417786
PGL,F9UQE3,"6-phospho-D-glucono-1,5-lactone",MQERILFGTYTKKTSQGIYQGTLDTTAKTLTNDGLLAATQNPTYLALSAKDCLYSVDKEDDEGGIAAWQIDGQTAHKLNTVVAPGTPPAYVAVDEARQLVYSANYHKGTAEVMKIAADGALTLTDTVQHSGHGPRPEQDGSHIHYTDLTPDNRLAVIDLGSDKVYVYNVSDAGQLSEQSVLTMEAGFGPRHLVFSPDGQYAFLAGELSSQIASLKYDAQTGAFTQLGIVKTIPADYTAHNGAAAIRLSHDGHFLYVSNRGYNTLAVFAVTADGHLTLIQQISTEGDFPRDFDLDPTEAFVVVVNQNTDNATLYARDLTSGKLSLLQKDVTVPEGVCVRF,C(C1C(C(C(C(=O)O1)O)O)O)OP(=O)(O)O,36539,1.218058705329895,1.1914806365966797,1.1562423706054688,1.1409133672714231,1.130671143531799
GND,F9UNS5,6-Phospho-D-gluconate,MSNEKPQIGVIGMAVMGKNLALNIESRGYKVAIFNRTGAKTEKVVKDHADKQLVPSYKIEDFVASLETPRRIIMMVKAGKPTDAVIDELLPLLDKGDVLIDGGNTNFNDTMARNARLDKSGINFIGMGVSGGELGALQGPSLMPGGQKEAYDLVAPILEKISAKAPQDGAPCVTYIGPNGAGHYVKMVHNGIEYGDEELIDESYNIMRNVAGLSVDEMSDIFTDWNKGELSSYLIEITADILSRKDDLGADKTKPIVDMILDRGNNKGTGKWSSEDALNVQVPQSVITEAVYARYISMMKNERVAASKKLAGPTADVDLPAKEELVEKIRQALYFSKIMSYAQGFEQLRFASEHYGWDLKFGELAQIWRAGCIIRAQFLQNITDAFDKKPDLNNLLMDDYFADIAAKYQQSTREVLSLAIQAGVPVPSFSAALSYYDSYRAEVLPANLLQAQRDYFGAHTYERTDREGLYHYSWYEEQ,C(C(C(C(C(C(=O)O)O)O)O)O)OP(=O)(O)O,52982,1.5300097465515137,1.5231722593307495,1.5287125110626218,1.543771743774414,1.559212327003479
GND,F9UN43,6-Phospho-D-gluconate,MKLGLIGLGKMGMNLALNMQDNGHTPVGMDLNPTNLSTASAHGLATATDLTNLLDQLPTPRIVWIMVPAGKATNSVIEQLAQTLSAGDIVLDGGNSHYQDSIRHGELLASHHINFLDVGTSGGQAGARHDGNFMIGGDLATFQVVEPLFKAIAAPDGYLYTGPVGSGHYLKMVHNGIEYGMMAAIGEGFDVLQHSQFTYDNAAVAKMWNNGSVIRSWLMGLAQDAFSKDGNLDDIKGVMHSSGEGRWTLDTALDQQVATPVIAMALMMRYRSETDDTFTGKVVAALRNEFGGHAVDHE,C(C(C(C(C(C(=O)O)O)O)O)O)OP(=O)(O)O,31809,1.623618245124817,1.5658615827560425,1.5003472566604614,1.476262450218201,1.4626084566116333
PFK,Q88VY1,D-Fructose 6-phosphate,MKRIGILTSGGDAPGMNAAVRAVAGKAMAEGLEAYGINYGFAGLVAGDIHKIEAADLDGVIQRGGTLLYSARYPEFAHEEGQLKGIEQLKRFGIDALVVIGGDGSYHGALRLTEHGYNTIGLPGTIDNDIPYTDFTIGFDTAVNTNVQALDRIYDTAHSHDRTFVVEVMGRGAGDVALWSGVSIGATAIVVPEVDWDMEEIANKIKHNRANGHRSNLIVLAEGVMGAQEFVEKLSEYGDFDARGNTIAHMQRGGNPTAKDRVMASKMGAYAVELLLAGKGGLAVGIQNNQLVNHNILDLFESKHDVEVSLDKLNEEISFK,C(C(C(C(C(=O)CO)O)O)O)OP(=O)(O)O,34266,-0.3680116832256317,-0.36801639199256897,-0.3583853244781494,-0.3526468575000763,-0.3472777307033539
PFK,Q88VY1,ATP,MKRIGILTSGGDAPGMNAAVRAVAGKAMAEGLEAYGINYGFAGLVAGDIHKIEAADLDGVIQRGGTLLYSARYPEFAHEEGQLKGIEQLKRFGIDALVVIGGDGSYHGALRLTEHGYNTIGLPGTIDNDIPYTDFTIGFDTAVNTNVQALDRIYDTAHSHDRTFVVEVMGRGAGDVALWSGVSIGATAIVVPEVDWDMEEIANKIKHNRANGHRSNLIVLAEGVMGAQEFVEKLSEYGDFDARGNTIAHMQRGGNPTAKDRVMASKMGAYAVELLLAGKGGLAVGIQNNQLVNHNILDLFESKHDVEVSLDKLNEEISFK,C1=NC(=C2C(=N1)N(C=N2)C3C(C(C(O3)COP(=O)(O)OP(=O)(O)OP(=O)(O)O)O)O)N,34266,0.011287029832601549,0.12507179379463196,0.281545490026474,0.35608604550361633,0.4095554649829865
FBA,F9UTT2,"D-Fructose 1,6-bisphosphate",MSFVNAVDMTQDAYKNHYAIGAFNTNNLEWTRCILKGAQDTNTPVIIQVSMGAAKYMGGYKLVMDLVADEMESMNITVPVVMHLDHGNYEAAKECIEVGYSSVMFDGHDLPFAENLEKTKEIVKLAHAKGISVEAEVGSIGGEEDGIIGEGELADVEEAKTLAATGIDILAAGIGNIHGKYPENWTGLHFDRLQEISEAVKMPLVLHGGSGIPKDQIVKAVELGISKVNVNTENQVAFANATRAYIESGADQIGKGYDPRKLLAPGKKAIVDVVTSRIGWFKTPAVK,C(C1C(C(C(O1)(COP(=O)([O-])[O-])O)O)O)OP(=O)([O-])[O-],30921,1.4714804887771606,1.4237900972366333,1.36923348903656,1.3702203035354614,1.3831182718276978
TPI,Q88YH4,Dihydroxyacetone phosphate,MRTPIIAGNWKMNKTASEALAFVNAVKDQLPDPSKVESVVAAPALFLQEMVEAAKGSDLKIAAENAYFEDAGAFTGETSPAALADLGVDYVVIGHSERRGYFHETDEDINKKAHAIFKNGMKPIICCGESLEQREAGEAESWVSGQIKAALKDLSADQVSSLVIAYEPIWAIGTGKTATSDQAEEICAVVRKTVADLYSQEVADKVRIQYGGSVKPANVNELMGKDDIDGGLVGGASLQPDSFLELVNYQNN,C(C(=O)COP(=O)(O)O)O,26971,0.9500788450241088,0.9143350124359132,0.8648110628128052,0.8434480428695679,0.8291549682617188
GAPD,F9UM10,Glyceraldehyde 3-phosphate,MSVKIGINGFGRIGRLAFRRILELGEKSSDIEVVAINDLTSPALLAHLLKYDSTHGTLNADVSATDDSIVVNGKNYRVYAEPQAQNIPWVKNDGVDFVLECTGFYTSKAKSQAHLDAGAKRVLISAPAGSDLKTIVYNVNDDILTADDRIVSAGSCTTNCLAPLAFFENKEFGIKVGTMTTIHAYTSTQMLLDGPVRGGNFRAARAAGVNTIPHSTGAAKALGLVIPELNGKLQGHAQRVGVVDGSLTELVAILDKKVTADEVNAAIKKHTEGNESFGYNDDEIVSSDVIGTTFGSIFDPTQTEVTSDGDNQLVKTVAWYDNEYGFTCQMVRTLLKFATL,C(C(C=O)O)OP(=O)(O)O,36438,-0.06368112564086914,-0.12336258590221405,-0.1468123197555542,-0.1479289084672928,-0.14876648783683774
GAPD,F9UM10,NAD,MSVKIGINGFGRIGRLAFRRILELGEKSSDIEVVAINDLTSPALLAHLLKYDSTHGTLNADVSATDDSIVVNGKNYRVYAEPQAQNIPWVKNDGVDFVLECTGFYTSKAKSQAHLDAGAKRVLISAPAGSDLKTIVYNVNDDILTADDRIVSAGSCTTNCLAPLAFFENKEFGIKVGTMTTIHAYTSTQMLLDGPVRGGNFRAARAAGVNTIPHSTGAAKALGLVIPELNGKLQGHAQRVGVVDGSLTELVAILDKKVTADEVNAAIKKHTEGNESFGYNDDEIVSSDVIGTTFGSIFDPTQTEVTSDGDNQLVKTVAWYDNEYGFTCQMVRTLLKFATL,C1=CC(=C[N+](=C1)C2C(C(C(O2)COP(=O)([O-])OP(=O)(O)OCC3C(C(C(O3)N4C=NC5=C(N=CN=C54)N)O)O)O)O)C(=O)N,36438,0.7332893610000609,0.6911348104476929,0.6444468498229979,0.6263594627380371,0.614630937576294
GAPD,F9UM10,Phosphate,MSVKIGINGFGRIGRLAFRRILELGEKSSDIEVVAINDLTSPALLAHLLKYDSTHGTLNADVSATDDSIVVNGKNYRVYAEPQAQNIPWVKNDGVDFVLECTGFYTSKAKSQAHLDAGAKRVLISAPAGSDLKTIVYNVNDDILTADDRIVSAGSCTTNCLAPLAFFENKEFGIKVGTMTTIHAYTSTQMLLDGPVRGGNFRAARAAGVNTIPHSTGAAKALGLVIPELNGKLQGHAQRVGVVDGSLTELVAILDKKVTADEVNAAIKKHTEGNESFGYNDDEIVSSDVIGTTFGSIFDPTQTEVTSDGDNQLVKTVAWYDNEYGFTCQMVRTLLKFATL,[O-]P(=O)([O-])[O-],36438,0.7788970470428467,0.7479290962219238,0.718995213508606,0.6985604763031006,0.686734676361084
PGK,Q88YH5,3-Phospho-D-glyceroyl phosphate,MAKLIVSDLDVKDKKVLIRVDFNVPIKDGKIGDDNRIVAALPTIKYVIEHDGKAILFSHLGRIKSEDDKKGLSLRPVAERLSNLLNKPVTFVPVTEGEQLETAINNMNDGDVLVVENTRFEDVVNGEQVKRESGNDPELGKYWASLGDVYVNDAFGTAHRSHASNVGIASNMDQVAAGFLMEKEIKFLGDAVDNPKHPFVAILGGAKVSDKIGVIDHLISKADKIIIGGGMTYTFYAAKGMGIGNSLVEKDKIELAKSIIEKAGDKLVLPSDSIVAEKFDNDVPSKVVEGSIPDGYMALDIGPKSIEEFEDVLRDAKTVVWNGPMGVFEMSNYAKGTLEIGKFLGTLSDATTIVGGGDSTAAVKQLGVGDKLTHISTGGGASLEYLEGKELPGIAAISEK,C(C(C(=O)OP(=O)(O)O)O)OP(=O)(O)O,42797,1.414958357810974,1.4631389379501345,1.5369223356246948,1.5713711977005005,1.5952633619308472
PGK,Q88YH5,ADP,MAKLIVSDLDVKDKKVLIRVDFNVPIKDGKIGDDNRIVAALPTIKYVIEHDGKAILFSHLGRIKSEDDKKGLSLRPVAERLSNLLNKPVTFVPVTEGEQLETAINNMNDGDVLVVENTRFEDVVNGEQVKRESGNDPELGKYWASLGDVYVNDAFGTAHRSHASNVGIASNMDQVAAGFLMEKEIKFLGDAVDNPKHPFVAILGGAKVSDKIGVIDHLISKADKIIIGGGMTYTFYAAKGMGIGNSLVEKDKIELAKSIIEKAGDKLVLPSDSIVAEKFDNDVPSKVVEGSIPDGYMALDIGPKSIEEFEDVLRDAKTVVWNGPMGVFEMSNYAKGTLEIGKFLGTLSDATTIVGGGDSTAAVKQLGVGDKLTHISTGGGASLEYLEGKELPGIAAISEK,C1=NC(=C2C(=N1)N(C=N2)C3C(C(C(O3)COP(=O)(O)OP(=O)(O)O)O)O)N,42797,1.4045957326889038,1.3530994653701782,1.2884054183959959,1.2689188718795776,1.2679764032363892
PGM,F9UT12,3-Phospho-D-glycerate,MTTFYVVRHGQTVANAQNLKQGTINTAVTHLNSVGKQQAQTLHDTFDISFADRLICSPLDRTQATAAILNQGRQLPVSQDERLLEISYGQWDGQDNDQLLAAYPQYFDPLLQDVLPSYVEVATDGETFEHVQQRVAAFLKTTAQAHPDEQIIVVTHGFTVKAMALAILKPTDPMSLPEPANTSVTKVMVDAVHGRQYLAYYNRLPQF,C(C(C(=O)O)O)OP(=O)(O)O,23057,1.1536052227020264,1.1556113958358765,1.164854884147644,1.1705623865127563,1.1742516756057741
PGM,F9UMA3,3-Phospho-D-glycerate,MAQFSIYFVRHGQTFFNLYNRMQGWSDSPLTEYGQATATKVGQALANTAFDYYYSSDSKRAIDTAQLIRQAAGATAQPFKTLMNFREVFYGYFEGDDSSRTWSLVGRQYGVTSMHELLEHVPIDQTRDLMREIDPWHEAEDNSMYWERINQGFDYLKAHHDHHQKVLVVTHGTTIRSMVAHFAPEIDITNGPKNGSVTRIDINGDQIRVVDYAQDLADVKVNQHL,C(C(C(=O)O)O)OP(=O)(O)O,25847,0.7829242944717407,0.752090573310852,0.7364698648452759,0.7333261966705322,0.7316966056823729
PGM,F9UMA4,3-Phospho-D-glycerate,MATFSVYMIRHGQTYFNKYRRMQGWCDSPLTAVGEQDARNAGKMLNGIDFDAVYASDMTRAMRTAELILPASGNTDLTVQPMAAFREAFYGYFEGDDTSQTWFMVGAPHQAPSLSAIIEQYGIEKAKDFCKEADPFHRAENNAEFWQRVTGGLDTLRAHHHDGDKVLVVSHGNTIYSIAARFAALTSPARPQNGSVTKFTISDNDVTLDYFGRKDHLD,C(C(C(=O)O)O)OP(=O)(O)O,24377,1.2165969610214231,1.2008830308914185,1.2027673721313477,1.202690362930298,1.2022347450256348
PGM,F9UPD3,3-Phospho-D-glycerate,MAKTLYMMRHGETLFNRLKKIQGACDSPLTPKGIADAQRVGAYFQAQGITFDHAYSSTQERASDTLELVTKQPYERLKGIKEWNFGVFEGESEVLNPKPDPVRRSHGDFFCQYGGESDLQVQDRVVKTLTAVMARPDHHQVLVVSHGGASFMFLRQWLSMDEIERQGIVLHNCAVIKYQYDAGRFTFEKIINLAATDKN,C(C(C(=O)O)O)OP(=O)(O)O,22590,3.2794525623321533,3.3156299591064453,3.366194009780884,3.394780158996582,3.416780948638916
PGM,F9UQA5,3-Phospho-D-glycerate,MTKLLFVRHGKTEWNLEGRYQGSQGDSPLLPTSYQEIHELAAALQDIRFSHIYVSPLKRARDTAMTLRNDLTQSELPITVLSRLREFNLGKMEGMAFTDVEATYPAEFDAFRNHPDQYDPTAIQGESFQQLLKRMTPAIKQIVQANPRRDDNVLIVSHGAALNALVNSLLGATLATLRQRGGLSNTSTTILETRDRGQHFKLLDWNDTSYLSRRPDATDTI,C(C(C(=O)O)O)OP(=O)(O)O,24957,2.215758800506592,2.277515649795532,2.381737470626831,2.4216208457946777,2.44642186164856
PGM,F9URQ2,3-Phospho-D-glycerate,MATIHLYLVRHGQTKLNAAGRLQGIYDSELTHTGVRSAQRLARMLADVHFDAAYVSDLGRAQQTSRIITALHPEIKKPTIDVGLREFNFGGLEGTRNMWIVKQVQKQLGIGTFVKLMLSRERFATLLWVFNSLDQTRGAETLVGVTDRISSALRRICLYESQDSQHDKNILIVSHGLVLSAFLYQISPRELPTRLLKNTSVSRVDYQNRQFKLIDINITPKKRA,C(C(C(=O)O)O)OP(=O)(O)O,25414,2.653727769851685,2.6846697330474854,2.7329413890838623,2.753162384033203,2.766573667526245
PGM,F9URW9,3-Phospho-D-glycerate,MKSITLHLVVAGATYFNQLDRFQGWSGTPLTATGEQATAKVAQQLASTTFDTAFASDTSRAIQTARIILDSRAQPVKLRTVVALRAPFYGGFEGTERAAVWSGFATKLGYQSVAAFAADQTPSELQTLLHDHDADGLAESGQEFWDRYQKGLQQVMAATPDHGQVLLIVDGATLRMMHYVATGRAATRQELAPSVVTTMVYTGDKLTVPVTE,C(C(C(=O)O)O)OP(=O)(O)O,22899,0.4599021971225738,0.4644220471382141,0.471400111913681,0.4754512012004852,0.4786577522754669
PGM,Q88T35,3-Phospho-D-glycerate,MAKLVLIRHGQSEWNLSNQFTGWVDVDLSEKGVEEAKAAGQKVKEAGLEFDYAFTSVLTRAIKTLHYVLEESDQLWIPETKTWRLNERHYGALQGLNKKETAEKYGDDQVHIWRRSYDVLPPLLSADDEGSAVNDRRYADLDPNIVPGGENLKVTLERVMPFWEDQIAPKLLDGKNVIIAAHGNSLRALSKYIEQISDDDIMDLEMATGEPVVYDFDEKLKVLGKEKLGK,C(C(C(=O)O)O)OP(=O)(O)O,26087,1.0798135995864868,1.0551775693893433,1.022311806678772,1.0165122747421265,1.012776017189026
PGM,Q88YY8,3-Phospho-D-glycerate,MTELVLVRHGESTANRDNTYTGWSDVPLTAVGIAQAHQAGKRLRATGLQFGAVHTSVLKRAIVTANIMLSEIDQLWLPEYKTWRLNERHYGALRGQNKDVTRQEYGKAQVQQWRRSFYTVPPLLTPAELDHDRRYTKYGAAVEPRGESLKMAYDRIMPYWIDEIAPRLLDGQNQLVVAHGSTLRAMIKYLEHISDTGIDGVEVANGVPICYHLDRQLHVIGKEEY,C(C(C(=O)O)O)OP(=O)(O)O,25625,0.07335224002599716,0.05997322499752045,0.0460682176053524,0.041574832051992416,0.037631861865520484
ENO,Q88YH3,D-Glycerate 2-phosphate,MSIITDIYAREVLDSRGNPTVEVELYTESGAFGRGIVPSGASTGEHEAVELRDGDKSRFMGKGVTKAVDNVNKLIAKEIVGYDVTDQRAIDQAMIKLDGTPNKAKLGANAILGVSIAAARAAADELEMPLYNYLGGFNAHVLPTPMMNVINGGAHANNDVDFQEFMIMPVGASSVKEAIRMGSETFHNLKAILNERGYSTAVGDEGGFAPDLKNNEEPFEILVEAIERAGYKPGKDIAIAFDCAASEFYNEETGKYDLKGEGENGQSFTAEEFVDLLDSIVDKYPIVSIEDPLDENNWEDWQMATAKLGKKVQIVGDDLFVTNTDYLAKGIKMGVANSILIKVNQIGTLTETVEAIEMAKEAGYTAIVSHRSGETEDTTIADLVVAMNAGQIKTGSMSRTERIAKYNQLMRIEDQLESTSEYKGIHGFYNLDEAARNTITSK,C(C(C(=O)O)OP(=O)(O)O)O,48030,1.6884372234344482,1.75048565864563,1.8352051973342896,1.867531418800354,1.8891018629074097
ENO,Q88VW2,D-Glycerate 2-phosphate,MEKQVIETVKAREIFDSRGNPTVEADVILSDGTLGRAEVPSGASTGEKEAVELRDGGDRLAGKGVLKAVNNVNTVINHALHGADPFNQAHIDQIMIDLDGTPNKARLGANAILGVSMATARAAANALQQPLYRYLGGTDLELPQTFHNVINGGEHADNGIDIQEFMITPVERTSFRDGFEKIVNTYHTLKKVIEDAGYTSGLGDEGGFAPDLKNSEEALQMLHDAIIKAGYTPGKEIAIAFDAAASYFYNRTTHNYDFEGKTYTPAALGDYYLQLLAKFPEIVSIEDPYGEEDWDNFASFTAAHGDQLQIVADDPVCTNPQLIRQAIQRGMANNILIKLNQIGTVTETLAAIRLARKNGYATMMSHRSGETGDTFVADFTVATNAAQLKAGAPARSERVEKYNQLLRIEEELGADGARLAHFPNNVMFD,C(C(C(=O)O)OP(=O)(O)O)O,46621,1.3717644214630127,1.4104315042495728,1.4797629117965698,1.511640191078186,1.5314162969589231
PYK,F9UPM3,Phosphoenolpyruvate,MKKTKIVSTLGPASTDTDTIVKLIEAGANIFRFNFSHGDHEEHLDRLNKVHEAEKITGKTVGIMLDTKGAEIRTTVQANGKSEYKIGDKVRITMDDSLDTTHDKIAVTYKNLYDDVHVGGHVLFDDGLLDMKIDEKDEANRELVTTVQNAGVLGSRKGVNAPGVSINLPGITEKDSSDIRFGLDHEINYIAASFVRKPQDVLDIRELLEEKHMEHVQIFPKIESQEGIDNADEILKVCDGLMVARGDMGVEIPAENVPLVQKSLIKKCNALGMPVITATQMLDSMQENPRPTRAEASDVANAVFDGTDATMLSGESANGLYPVESVAMMAKIDEKAENTLAENGTLQLNRFDKTSVTETIGIAIARAAKNLNIKTIVAATESGYTAKMISKYRPNADILAITFDERTQRGLMVNWGVQPIVAEKPETTDDMFDLAASKAVELGFAKEGDLILITAGVPVGERGTTNIMKIQLIGSKLADGQGVGDETVIGKAVIATSAQEAIDKAVEGGVLVTKTTDKDYLPAIEKSSALVVENGGLTSHAAVVGISMGIPVIVGVKDATSVIADGQLITVDSRRGLVYRGASNAL,C=C(C(=O)O)OP(=O)(O)O,62867,1.3238829374313354,1.2566972970962524,1.1761432886123655,1.1445156335830688,1.1286526918411257
PYK,F9UPM3,ADP,MKKTKIVSTLGPASTDTDTIVKLIEAGANIFRFNFSHGDHEEHLDRLNKVHEAEKITGKTVGIMLDTKGAEIRTTVQANGKSEYKIGDKVRITMDDSLDTTHDKIAVTYKNLYDDVHVGGHVLFDDGLLDMKIDEKDEANRELVTTVQNAGVLGSRKGVNAPGVSINLPGITEKDSSDIRFGLDHEINYIAASFVRKPQDVLDIRELLEEKHMEHVQIFPKIESQEGIDNADEILKVCDGLMVARGDMGVEIPAENVPLVQKSLIKKCNALGMPVITATQMLDSMQENPRPTRAEASDVANAVFDGTDATMLSGESANGLYPVESVAMMAKIDEKAENTLAENGTLQLNRFDKTSVTETIGIAIARAAKNLNIKTIVAATESGYTAKMISKYRPNADILAITFDERTQRGLMVNWGVQPIVAEKPETTDDMFDLAASKAVELGFAKEGDLILITAGVPVGERGTTNIMKIQLIGSKLADGQGVGDETVIGKAVIATSAQEAIDKAVEGGVLVTKTTDKDYLPAIEKSSALVVENGGLTSHAAVVGISMGIPVIVGVKDATSVIADGQLITVDSRRGLVYRGASNAL,C1=NC(=C2C(=N1)N(C=N2)C3C(C(C(O3)COP(=O)(O)OP(=O)(O)O)O)O)N,62867,1.0767415761947632,1.0365266799926758,1.0028839111328125,1.0021144151687622,1.0030229091644287
LDH_L,P59390,Pyruvate,MDKKQRKVVIVGDGSVGSSFAFSLVQNCALDELVIVDLVKTHAEGDVKDLEDVAAFTNATNIHTGEYADARDADIVVITAGVPRKPGESRLDLINRNTKILESIVKPVVASGFNGCFVISSNPVDILTSMTQRLSGFPRHRVIGTGTSLDTARLRVALAQKLNVATTAVDAAVLGEHGDSSIVNFDEIMINAQPLKTVTTVDDQFKAEIEQAVRGKGGQIISQKGATFYGVAVSLMQICRAILNDENAELIVSAALSGQYGINDLYLGSPAIINRNGLQKVIEAELSDDERARMQHFAAKMLTMMNVAS,CC(=O)C(=O)[O-],33116,1.959536910057068,1.9482661485672,1.93221378326416,1.9254828691482544,1.921046614646912
LDH_L,P59390,NADH,MDKKQRKVVIVGDGSVGSSFAFSLVQNCALDELVIVDLVKTHAEGDVKDLEDVAAFTNATNIHTGEYADARDADIVVITAGVPRKPGESRLDLINRNTKILESIVKPVVASGFNGCFVISSNPVDILTSMTQRLSGFPRHRVIGTGTSLDTARLRVALAQKLNVATTAVDAAVLGEHGDSSIVNFDEIMINAQPLKTVTTVDDQFKAEIEQAVRGKGGQIISQKGATFYGVAVSLMQICRAILNDENAELIVSAALSGQYGINDLYLGSPAIINRNGLQKVIEAELSDDERARMQHFAAKMLTMMNVAS,C1C=CN(C=C1C(=O)N)C2C(C(C(O2)COP(=O)(O)OP(=O)(O)OCC3C(C(C(O3)N4C=NC5=C(N=CN=C54)N)O)O)O)O,33116,1.0971258878707886,1.175634741783142,1.3052998781204224,1.363249897956848,1.4066232442855835
LDH_L,P56512,Pyruvate,MSSMPNHQKVVLVGDGAVGSSYAFAMAQQGIAEEFVIVDVVKDRTKGDALDLEDAQAFTAPKKIYSGEYSDCKDADLVVITAGAPQKPGESRLDLVNKNLNILSSIVKPVVDSGFDGIFLVAANPVDILTYATWKFSGFPKDRVIGSGTSLDSSRLRVALGKQFNVDPRSVDAYIMGEHGDSEFAAYSTATIGTRPVRDVAKEQGVSDEDLAKLEDGVRNKAYDIINLKGATFYGIGTALMRISKAILRDENAVLPVGAYMDGQYGLNDIYIGTPAVIGGTGLKQIIESPLSADELKKMQDSAATLKKVLNDGLAELENK,CC(=O)C(=O)[O-],34206,2.882310628890991,2.8817899227142334,2.8737189769744877,2.8710951805114746,2.8693773746490483
LDH_L,P56512,NADH,MSSMPNHQKVVLVGDGAVGSSYAFAMAQQGIAEEFVIVDVVKDRTKGDALDLEDAQAFTAPKKIYSGEYSDCKDADLVVITAGAPQKPGESRLDLVNKNLNILSSIVKPVVDSGFDGIFLVAANPVDILTYATWKFSGFPKDRVIGSGTSLDSSRLRVALGKQFNVDPRSVDAYIMGEHGDSEFAAYSTATIGTRPVRDVAKEQGVSDEDLAKLEDGVRNKAYDIINLKGATFYGIGTALMRISKAILRDENAVLPVGAYMDGQYGLNDIYIGTPAVIGGTGLKQIIESPLSADELKKMQDSAATLKKVLNDGLAELENK,C1C=CN(C=C1C(=O)N)C2C(C(C(O2)COP(=O)(O)OP(=O)(O)OCC3C(C(C(O3)N4C=NC5=C(N=CN=C54)N)O)O)O)O,34206,2.3473575115203857,2.3485066890716557,2.399850606918335,2.4252169132232666,2.442073345184326
LDH_D,Q88VJ2,Pyruvate,MKIIAYAVRDDERPFFDTWMKENPDVEVKLVPELLTEDNVDLAKGFDGADVYQQKDYTAEVLNKLADEGVKNISLRNVGVDNLDVPTVKARGLNISNVPAYSPNAIAELSVTQLMQLLRQTPLFNKKLAKQDFRWAPDIAKELNTMTVGVIGTGRIGRAAIDIFKGFGAKVIGYDVYRNAELEKEGMYVDTLDELYAQADVITLHVPALKDNYHMLNADAFSKMKDGAYILNFARGTLIDSEDLIKALDSGKVAGAALDTYEYETKIFNKDLEGQTIDDKVFMNLFNRDNVLITPHTAFYTETAVHNMVHVSMNSNKQFIETGKADTQVKFD,CC(=O)C(=O)[O-],37181,1.8034138679504397,1.7947272062301636,1.7827212810516355,1.7776260375976562,1.7738481760025024
LDH_D,Q88VJ2,NADH,MKIIAYAVRDDERPFFDTWMKENPDVEVKLVPELLTEDNVDLAKGFDGADVYQQKDYTAEVLNKLADEGVKNISLRNVGVDNLDVPTVKARGLNISNVPAYSPNAIAELSVTQLMQLLRQTPLFNKKLAKQDFRWAPDIAKELNTMTVGVIGTGRIGRAAIDIFKGFGAKVIGYDVYRNAELEKEGMYVDTLDELYAQADVITLHVPALKDNYHMLNADAFSKMKDGAYILNFARGTLIDSEDLIKALDSGKVAGAALDTYEYETKIFNKDLEGQTIDDKVFMNLFNRDNVLITPHTAFYTETAVHNMVHVSMNSNKQFIETGKADTQVKFD,C1C=CN(C=C1C(=O)N)C2C(C(C(O2)COP(=O)(O)OP(=O)(O)OCC3C(C(C(O3)N4C=NC5=C(N=CN=C54)N)O)O)O)O,37181,1.1666215658187866,1.1498671770095823,1.1279443502426147,1.1181122064590454,1.1180641651153564
PFL,F9UTJ5,Pyruvate,MITSEKTTKPAAWKGFKGGHWQEEINIRDFIQNNFTQYNGDESFLAGPTAATKTLNDKVLELKKQERAAGGVLDADTKVVATITSHGPGYIQKDLEKIVGLQTDKPLKRAFMPFGGIRMADDALKSYGYTPDEENDKIFTEYRKTHNQGVFDVYTPDMRKARHYKIITGLPDAYARGRLIPDLPRVAVYGIDRLMEDKANDFAHIGDGELTDDVIRLREEVQDQYRALADMKKMAASYGYDISKPATNAQEAIQWMYFAYLAAIKTQNGAAMSVGRIDTTMDIFIQRDLDNGVLDESQAQELIDQFVMKLRMVRFIRTEEYNSLFSGDPIWATLSMCGLGVDGQHHVTKTAFRILKTLDNMGAAPEPNITILWSDRLPEDFKRYATEVSIDSSTIQYENDDLMRVQWGTDYYGIACCVSAQPIADGIQYFGARANLAKAILYAINGGRDEIAGDQVGPAYEPITSEYIDYDEFMKKLDKQMDWLADTYVNSLNAIHYMHDKYYYEAAQLALKNTDLDRTFATGISGLSHAADSISAIKYGHVKVIRDERGIAVDFKADNDYPRYGNNDDRADDIAKWLVKELYSKMNTHHLYRNAKLSTSVLTITSNVVYGKNTGTTPNGRQKGEPFSPGANPAYGAEKSGALASLLSTAKLPYRYATDGISNTFGVTPNTLGHDLESRKDTLVNMLDGYMKNDGMHLNINVFNKDTLIDAQKHPEEYPTLTVRVSGYCVYFADLTKEQQDDVISRTFFESM,CC(=O)C(=O)[O-],84480,1.1830819845199585,1.166623592376709,1.153691649436951,1.1481102705001829,1.1478842496871948
PFL,F9UTJ5,Coenzyme A,MITSEKTTKPAAWKGFKGGHWQEEINIRDFIQNNFTQYNGDESFLAGPTAATKTLNDKVLELKKQERAAGGVLDADTKVVATITSHGPGYIQKDLEKIVGLQTDKPLKRAFMPFGGIRMADDALKSYGYTPDEENDKIFTEYRKTHNQGVFDVYTPDMRKARHYKIITGLPDAYARGRLIPDLPRVAVYGIDRLMEDKANDFAHIGDGELTDDVIRLREEVQDQYRALADMKKMAASYGYDISKPATNAQEAIQWMYFAYLAAIKTQNGAAMSVGRIDTTMDIFIQRDLDNGVLDESQAQELIDQFVMKLRMVRFIRTEEYNSLFSGDPIWATLSMCGLGVDGQHHVTKTAFRILKTLDNMGAAPEPNITILWSDRLPEDFKRYATEVSIDSSTIQYENDDLMRVQWGTDYYGIACCVSAQPIADGIQYFGARANLAKAILYAINGGRDEIAGDQVGPAYEPITSEYIDYDEFMKKLDKQMDWLADTYVNSLNAIHYMHDKYYYEAAQLALKNTDLDRTFATGISGLSHAADSISAIKYGHVKVIRDERGIAVDFKADNDYPRYGNNDDRADDIAKWLVKELYSKMNTHHLYRNAKLSTSVLTITSNVVYGKNTGTTPNGRQKGEPFSPGANPAYGAEKSGALASLLSTAKLPYRYATDGISNTFGVTPNTLGHDLESRKDTLVNMLDGYMKNDGMHLNINVFNKDTLIDAQKHPEEYPTLTVRVSGYCVYFADLTKEQQDDVISRTFFESM,CC(C)(COP(=O)(O)OP(=O)(O)OCC1C(C(C(O1)N2C=NC3=C(N=CN=C32)N)O)OP(=O)(O)O)C(C(=O)NCCC(=O)NCCS)O,84480,0.3434005379676819,0.33409476280212397,0.3161185681819916,0.3057799935340881,0.298164963722229
PDH,F9UQ93,Pyruvate,MDNEKPIVDFGAIRDVLGKDFEPVQVLDGQAKVIKPEIVSKYSNEQLVEFFKLMLWERTLHQRSNALTRQGRLGFYAPTEGQEASEMGSNAAMKKTDVLMPAYRDIPQLIQHGLPVYKAFLWSRGHVLGNEYPEDFHAMPPQIIIGAQYVQAAGVALGIKKNGTEDKVAYTYTGDGGTSQGDFYEGMNFAGAFEAPAVFIVQNNGYAISVPRRKQTAAKTLAQKAVAAGIPSVQVDGMDFLAVYEVTKAAREYAAAGNGPVMIETLTYRFGPHTNAGDDPKRYRTKDEEQPWFDNDPLIRYRKYLTDQGVWSEDQENEYVEQVKEDIKAAVKQADEAPKQKMTEFLGNVFEEQPQNIQQQITEFQAKESK,CC(=O)C(=O)[O-],41469,2.162090301513672,2.1542518138885502,2.144530773162842,2.1410953998565674,2.139413833618164
PDH,F9UQ93,Coenzyme A,MDNEKPIVDFGAIRDVLGKDFEPVQVLDGQAKVIKPEIVSKYSNEQLVEFFKLMLWERTLHQRSNALTRQGRLGFYAPTEGQEASEMGSNAAMKKTDVLMPAYRDIPQLIQHGLPVYKAFLWSRGHVLGNEYPEDFHAMPPQIIIGAQYVQAAGVALGIKKNGTEDKVAYTYTGDGGTSQGDFYEGMNFAGAFEAPAVFIVQNNGYAISVPRRKQTAAKTLAQKAVAAGIPSVQVDGMDFLAVYEVTKAAREYAAAGNGPVMIETLTYRFGPHTNAGDDPKRYRTKDEEQPWFDNDPLIRYRKYLTDQGVWSEDQENEYVEQVKEDIKAAVKQADEAPKQKMTEFLGNVFEEQPQNIQQQITEFQAKESK,CC(C)(COP(=O)(O)OP(=O)(O)OCC1C(C(C(O1)N2C=NC3=C(N=CN=C32)N)O)OP(=O)(O)O)C(C(=O)NCCC(=O)NCCS)O,41469,2.359265089035034,2.3248159885406494,2.283085584640503,2.266699314117432,2.258176326751709
PDH,F9UQ90,NAD,MVVGDFAEERDTMIIGAGPGGYVAAIRAAELGQKVTVVEKEYIGGVCLNVGCIPSKALISAGHRLQEAKDSKIFGIKNIQDPVLDFKVTQDWKDHQVVDRLTGGVEMLLKKHKVEVVRGEAYMHDNHTLRVMNGDHTGQTYKFKHLIIATGSRPVEIPGFKFSGRVVDSTGGLNLPEVPKELVVIGGGYIGSELAGAYANLGAHVTILEGTPQILPNFEKDMVKLVLNSFKKKGVDVITNAMAKNSEQDDSGVTVTYAVDGKETEIHADYVMVTVGRRPNTDDMGLEYTDVKLTKRGLIEVDEQGRTAAEDIFAIGDIVAGAALAHKAFAEAKVAAGAISGKKTANDYVSIPAVCFTDPELATVGMTKAEAEEAGLQVKTSKFPFAGNGRAISLNAMDGFFRLVSTKDEGTIVGAQIAGPGASDLISELSVAVNGGMNVEDLALTIHPHPTLGEVVQEAADEAMGYPTHI,C1=CC(=C[N+](=C1)C2C(C(C(O2)COP(=O)([O-])OP(=O)(O)OCC3C(C(C(O3)N4C=NC5=C(N=CN=C54)N)O)O)O)O)C(=O)N,49944,-0.3153581023216248,-0.3032844364643097,-0.2761671841144562,-0.2640094459056854,-0.2556234300136566
PTAr,F9UM27,Acetyl-CoA,MDLFESLAQKITGKDQTIVFPEGTEPRIVGAAARLAADGLVKPIVLGATDKVQAVANDLNADLTGVQVLDPATYPAEDKQAMLDALVERRKGKNTPEQAAKMLEDENYFGTMLVYMGKADGMVSGAIHPTGDTVRPALQIIKTKPGSHRISGAFIMQKGEERYVFADCAINIDPDADTLAEIATQSAATAKVFDIDPKVAMLSFSTKGSAKGEMVTKVQEATAKAQAAEPELAIDGELQFDAAFVEKVGLQKAPGSKVAGHANVFVFPELQSGNIGYKIAQRFGHFEAVGPVLQGLNKPVSDLSRGCSEEDVYKVAIITAAQGLA,CC(=O)SCCNC(=O)CCNC(=O)C(C(C)(C)COP(=O)(O)OP(=O)(O)OCC1C(C(C(O1)N2C=NC3=C(N=CN=C32)N)O)OP(=O)(O)O)O,34422,0.2422812283039093,0.22499199211597445,0.20639044046401975,0.19718381762504575,0.1909564435482025
PTAr,F9UM27,Phosphate,MDLFESLAQKITGKDQTIVFPEGTEPRIVGAAARLAADGLVKPIVLGATDKVQAVANDLNADLTGVQVLDPATYPAEDKQAMLDALVERRKGKNTPEQAAKMLEDENYFGTMLVYMGKADGMVSGAIHPTGDTVRPALQIIKTKPGSHRISGAFIMQKGEERYVFADCAINIDPDADTLAEIATQSAATAKVFDIDPKVAMLSFSTKGSAKGEMVTKVQEATAKAQAAEPELAIDGELQFDAAFVEKVGLQKAPGSKVAGHANVFVFPELQSGNIGYKIAQRFGHFEAVGPVLQGLNKPVSDLSRGCSEEDVYKVAIITAAQGLA,[O-]P(=O)([O-])[O-],34422,-0.22276446223258967,-0.2549531757831573,-0.3128964304924011,-0.32937973737716675,-0.33329862356185913
ACKr,Q88V41,Acetyl phosphate,MGKTIAINAGSSTLKFKLFEMPQERVIAQGAVERIGFKTSPVNIRYGVDHHYQEKAVVADHLAAVNIVLDELIKLRIIDSYDEITGVGHRVVAGGEQFHDSVLITDQVLKQITDLAEYAPLHNPANAVGIRAFKRVLPHVPAVAVFDTAFHASMPAVNYLYSLPYDYYQRYGARKFGAHGTSHRYVAVRAAKLLGRPLETLKLITLHLGAGSSITAIDHGQSLDTSMGFTPLAGITMATRSGDVDPSLVAYLMKKLNISDPDEMLTILNTQSGLLGLAGSADMQELEARYDEDSQAQLAIDIFVNRIVKYVGAYLAELQGADALVITAGIGERDARMRQRIADRLTYFGVAIDPTKNQVSGVERDLSTTDAKIRTLLIPTDEELMIARDVERVAQNQ,CC(=O)OP(=O)(O)O,43475,1.870063304901123,1.8597620725631716,1.8711063861846924,1.883845925331116,1.8936265707015991
ACKr,Q88V41,ADP,MGKTIAINAGSSTLKFKLFEMPQERVIAQGAVERIGFKTSPVNIRYGVDHHYQEKAVVADHLAAVNIVLDELIKLRIIDSYDEITGVGHRVVAGGEQFHDSVLITDQVLKQITDLAEYAPLHNPANAVGIRAFKRVLPHVPAVAVFDTAFHASMPAVNYLYSLPYDYYQRYGARKFGAHGTSHRYVAVRAAKLLGRPLETLKLITLHLGAGSSITAIDHGQSLDTSMGFTPLAGITMATRSGDVDPSLVAYLMKKLNISDPDEMLTILNTQSGLLGLAGSADMQELEARYDEDSQAQLAIDIFVNRIVKYVGAYLAELQGADALVITAGIGERDARMRQRIADRLTYFGVAIDPTKNQVSGVERDLSTTDAKIRTLLIPTDEELMIARDVERVAQNQ,C1=NC(=C2C(=N1)N(C=N2)C3C(C(C(O3)COP(=O)(O)OP(=O)(O)O)O)O)N,43475,0.7813639640808105,0.7592736482620239,0.7231451272964478,0.7073409557342529,0.6969804763793945
ACKr,F9UT17,Acetyl phosphate,MQKTLIINAGSSSLKWQLFAMPAETVVASGLVERISMPGSIFTIKYGDHQKFETTVDNLDQNHAAQMLLAELQRLAIIDSLTEITAVAHRVVAGGETFKQAVEVTPAVLEAIKGLSDFAPLHNPMEARGIETMAQALPTVKQYAVFDSQFFTDLPEMNAIYSLPYELTQKYHIRRYGEHGISHGYLTGRAAELLAKPKDDLNLVTLHLGSGASLAAVKNGRAFDTSMGFTPLTGVTMGTRAGDVDPAVLPFLMKALKIDDPNEIMMMLNNQSGLLGISGISPDMREIRAQEATNPQAQLAVEIFVNRIVKYAGSYLTELKRADALIFAGGIGEHNATLRQQIIDELSIFGVTLDPKLNEAGQEGLISGADSKIKVMLIPTNEELAMVRQVAALQN,CC(=O)OP(=O)(O)O,42892,1.9516924619674685,1.9628506898880005,1.985118269920349,1.9942424297332764,2.00390362739563
ACKr,F9UT17,ADP,MQKTLIINAGSSSLKWQLFAMPAETVVASGLVERISMPGSIFTIKYGDHQKFETTVDNLDQNHAAQMLLAELQRLAIIDSLTEITAVAHRVVAGGETFKQAVEVTPAVLEAIKGLSDFAPLHNPMEARGIETMAQALPTVKQYAVFDSQFFTDLPEMNAIYSLPYELTQKYHIRRYGEHGISHGYLTGRAAELLAKPKDDLNLVTLHLGSGASLAAVKNGRAFDTSMGFTPLTGVTMGTRAGDVDPAVLPFLMKALKIDDPNEIMMMLNNQSGLLGISGISPDMREIRAQEATNPQAQLAVEIFVNRIVKYAGSYLTELKRADALIFAGGIGEHNATLRQQIIDELSIFGVTLDPKLNEAGQEGLISGADSKIKVMLIPTNEELAMVRQVAALQN,C1=NC(=C2C(=N1)N(C=N2)C3C(C(C(O3)COP(=O)(O)OP(=O)(O)O)O)O)N,42892,0.4633390009403229,0.4891023337841034,0.5203855037689209,0.5331521034240723,0.5420153141021729
ACKr,F9UTR4,Acetyl phosphate,MAKILAINAGSSTLKWKLFSVPEETVIASGMVDRLGLPDSVFTIKKADGSKYSETKDQIDAKEAAAMVLTRLKSDNIVTHLSEITGVGHRVVAGGEDFKDSVVITSQTLKKIKDLSEYAPLHNPTQAYYIEVFRDLLPKATQVAVFDTSLYADMPKVNYLYSIPYDYYEKFGARKYGAHGTSHRYVANRTAQLLGKPLDSLKLVTLHLGSGASITAFDHGKAVDTSMGFTPLAGITMSTRSGDIDASIIPFLMRHLGISDVEDFVDILNHKSGLLGISGLSPDMRDLDKTQDTRERSKLAIDIFVNRVVKYVGSYIAEMNGIDALVFTAGVGENSWMIRERVTKALGYFGVTVDDEKNHMHGKEQIISKDDEPVTVMVVPTNEELMIVRDVERLSKAE,CC(=O)OP(=O)(O)O,43848,1.6282387971878052,1.63235604763031,1.6419154405593872,1.6460427045822144,1.6510241031646729
ACKr,F9UTR4,ADP,MAKILAINAGSSTLKWKLFSVPEETVIASGMVDRLGLPDSVFTIKKADGSKYSETKDQIDAKEAAAMVLTRLKSDNIVTHLSEITGVGHRVVAGGEDFKDSVVITSQTLKKIKDLSEYAPLHNPTQAYYIEVFRDLLPKATQVAVFDTSLYADMPKVNYLYSIPYDYYEKFGARKYGAHGTSHRYVANRTAQLLGKPLDSLKLVTLHLGSGASITAFDHGKAVDTSMGFTPLAGITMSTRSGDIDASIIPFLMRHLGISDVEDFVDILNHKSGLLGISGLSPDMRDLDKTQDTRERSKLAIDIFVNRVVKYVGSYIAEMNGIDALVFTAGVGENSWMIRERVTKALGYFGVTVDDEKNHMHGKEQIISKDDEPVTVMVVPTNEELMIVRDVERLSKAE,C1=NC(=C2C(=N1)N(C=N2)C3C(C(C(O3)COP(=O)(O)OP(=O)(O)O)O)O)N,43848,-1.168436050415039,-1.0882514715194702,-0.981821060180664,-0.9379570484161376,-0.9091417789459229
ACCOAC,F9UL62,Acetyl-CoA,MDKRLQRLRAADRISAPTIIQALLPTMTQQRGDRLLGQDAALTAGFGRTATGRQLAVLGVDRGVDIASRRRKNGGALTVPGYRTALRVVTHAAKFGWPVVSLINMPGADASPQSERYGQSQAIADLIAATGQLTVPNVVVFLGEGHSGGALAFANANRIIMLDDALFNVASPEAVTAILHGQQTSSDAIDLLPMTASALQSRGLVDLVIDHQDQTLVAAINQAIETQLAALEALPAPDLIEQREAKFQHFLQSWPVN,CC(=O)SCCNC(=O)CCNC(=O)C(C(C)(C)COP(=O)(O)OP(=O)(O)OCC1C(C(C(O1)N2C=NC3=C(N=CN=C32)N)O)OP(=O)(O)O)O,27338,1.8512327671051023,1.82140052318573,1.7821167707443235,1.768334150314331,1.7592121362686155
ACCOAC,F9UTT9,ATP,MTTKEQVLTILLRHHGEWQSGDQLAQSVGCSRESIWKAINALRKQGHQIESRKNRGYCYLGSRNLDAKAIQIYGQRQFTGPLEVVAQTPSTQILAKSFLSHHQPQFAAFFADEQTAGYGRLGRDFYSPAKTGLYFSLVVPNPTNALVNVGLLTTGVAVSVLNVLQQFYPNKNFGLKWVNDIYLDQHKVGGIITEASLELESISATAFIVGVGLNLTTTDFPRELQARAQAVDPSMSVDRNRLAAALLSALVALSKRYATADFLPAYRAKSLVLGQQVTLQVGDSVVNGVAEDIDEHGGLVVRMLTGERRTFTSGEVIRVGLPV,C1=NC(=C2C(=N1)N(C=N2)C3C(C(C(O3)COP(=O)(O)OP(=O)(O)OP(=O)(O)O)O)O)N,35318,0.8889216184616089,0.8559035062789917,0.8264007568359375,0.8377068042755127,0.8515609502792358
ACCOAC,F9UM67,ATP,MANQVAVLRLLIQAAPAYCSGDWLAQRLAISRTAIWKLVQGLQAAGHTIESRHGRGYRYVANNQLSAPVIEYALTALPPFDLTVLPTVDSTNAYLRRLVTQTPLALPKIVVADTQTAGYGRSGRAFYSPAQTGIYMSIGLPLSDQKALDAGLLTTSTAVVVAQTLQQLFAVDVSLKWVNDVLVNHHKVVGILSEGITSLETGQISAVIIGIGINLTTTAFPALLAHKAGAVVANPNGVTRNQVICELLRRFFNSYGTYRSGTFMDAYRKLSMVIDQQVELKSGTQKYRGVVTDIDAHGALVVKLETGQSRHFSSGEITKVNLLSGGYHG,C1=NC(=C2C(=N1)N(C=N2)C3C(C(C(O3)COP(=O)(O)OP(=O)(O)OP(=O)(O)O)O)O)N,35408,-0.6546218395233154,-0.6292709112167358,-0.6025974750518799,-0.5949077606201172,-0.5875817537307739
ACCOAC,Q88YZ2,Bicarbonate,MSHYPASGTWQACPKCGRHVHQRQWGTYQQCPYCHYWQRLTTAQRLEQLVDEGSFQPLTMTERPVNQLGFPDYMNKLRRAQRQTGLNEAVVCGTALIEQQPCILAVMDSHFMMGTLNTAVTRRLLHASEQARAQRLPLIIVTASGGARMQEGVYALVGMNLILAELARLAATPLPLITVLTDPTMGGVSASFAFKGDLIIAEAGAKIGFAGARVIQQTLPVKLPADFQTADQLFKNGMVDAVVERPQLRSTLGQALVNYGIGRSAHG,C(=O)(O)[O-],29232,0.9557886123657228,0.9638513326644896,0.9824460744857788,1.000125288963318,1.020767331123352
ACCOAC,F9UP44,Acetyl-CoA,MSKVTAYEQVQAARDASKISIQTLIDGLTEDFFDCHGDRQRADDPAVIAGLATIAQRPVTIIGIQKGQNLAENQARHFGCATPSGYRKALRLMRQAEQLRQPVVTLINTPGAYPGVDAEYEGQGRAIADCLLAGLQLRVPFLSLIVGEGGSGGALALACGDQVWMLANSTYSVLSPEGYATILWKESQRAAEAAEKMRLTPTELLADGIIDRIIPEVATAADCQPLKTAIDETLTALTAKSVAELVTQRQARYRQF,CC(=O)SCCNC(=O)CCNC(=O)C(C(C)(C)COP(=O)(O)OP(=O)(O)OCC1C(C(C(O1)N2C=NC3=C(N=CN=C32)N)O)OP(=O)(O)O)O,27573,-0.011986009776592256,-0.04505198448896408,-0.09761565923690796,-0.12387154996395112,-0.14284004271030426
ACCOAC,Q88WG0,Bicarbonate,MMPKRKFQAPTERQLAVRRDNIPDALLTRCPVCHEDCYTQDLGEFKVCPHCDYGFRLPAWQRVQQLTASFEERDADLSAPVSFDDPAYLEKLQRAKAASHLNESVLTGIGTLATYQFGLGVMETKFMMGSLGAATGEKITRLFETCTTQKLPVVMVTASGGARMQEGARALMQMAKVSTAVANHRKAGLLYITILTDPTTGGVTASFAMQGDIMLSEPRALIGFAGRRVIEQTIQQTPPADFQRAETLLANGWLDQIVPRPALRKTLQRLLTITQGGHQDV,C(=O)(O)[O-],30944,-0.56337571144104,-0.4624510109424591,-0.25150999426841736,-0.16830821335315704,-0.11641128361225128
ACCOAC,F9UTT9,ATP,MTTKEQVLTILLRHHGEWQSGDQLAQSVGCSRESIWKAINALRKQGHQIESRKNRGYCYLGSRNLDAKAIQIYGQRQFTGPLEVVAQTPSTQILAKSFLSHHQPQFAAFFADEQTAGYGRLGRDFYSPAKTGLYFSLVVPNPTNALVNVGLLTTGVAVSVLNVLQQFYPNKNFGLKWVNDIYLDQHKVGGIITEASLELESISATAFIVGVGLNLTTTDFPRELQARAQAVDPSMSVDRNRLAAALLSALVALSKRYATADFLPAYRAKSLVLGQQVTLQVGDSVVNGVAEDIDEHGGLVVRMLTGERRTFTSGEVIRVGLPV,C1=NC(=C2C(=N1)N(C=N2)C3C(C(C(O3)COP(=O)(O)OP(=O)(O)OP(=O)(O)O)O)O)N,35318,0.8889216184616089,0.8559035062789917,0.8264007568359375,0.8377068042755127,0.8515609502792358
ACCOAC,F9UM67,ATP,MANQVAVLRLLIQAAPAYCSGDWLAQRLAISRTAIWKLVQGLQAAGHTIESRHGRGYRYVANNQLSAPVIEYALTALPPFDLTVLPTVDSTNAYLRRLVTQTPLALPKIVVADTQTAGYGRSGRAFYSPAQTGIYMSIGLPLSDQKALDAGLLTTSTAVVVAQTLQQLFAVDVSLKWVNDVLVNHHKVVGILSEGITSLETGQISAVIIGIGINLTTTAFPALLAHKAGAVVANPNGVTRNQVICELLRRFFNSYGTYRSGTFMDAYRKLSMVIDQQVELKSGTQKYRGVVTDIDAHGALVVKLETGQSRHFSSGEITKVNLLSGGYHG,C1=NC(=C2C(=N1)N(C=N2)C3C(C(C(O3)COP(=O)(O)OP(=O)(O)OP(=O)(O)O)O)O)N,35408,-0.6546218395233154,-0.6292709112167358,-0.6025975942611694,-0.5949077606201172,-0.5875817537307739
