rxn,uniprot_id,substrate,seq,smiles,mw,pred_log10kcat_T30.0,pred_log10kcat_T32.0,pred_log10kcat_T34.0,pred_log10kcat_T36.0,pred_log10kcat_T38.0
GLCpts,A2RHJ8,Phosphoenolpyruvate,MTTMLKGIAASSGVAVAKAYLLVQPDLSFETKTIADTANEEARLDAALATSQSELQLIKDKAVTTLGEEAASVFDAHMMVLADPDMTAQIKAVINDKKVNAESALKEVTDMFIGIFEGMTDNAYMQERAADIKDVTKRVLAHLLGVKLPSPALIDEEVIIVAEDLTPSDTAQLDKKFVKAFVTNIGGRTSHSAIMARTLEIPAVLGTNNITELVSEGQLLAVSGLTGEVILDPSTEQQSEFHKAGDAYAAQKAEWAALKDAETVTADGRHYELAANIGTPKDVEGVNDNGAEAIGLYRTEFLYMDAQDFPTEDDQYEAYKAVLEGMNGKPVVVRTMDIGGDKTLPYFDLPKEMNPFLGWRALRISLSTAGDGMFRTQLRALLRASVHGQLRIMFPMVALVTEFRAAKKIYDEEKSKLIAEGVPVAEGIEVGIMIEIPAAAMLADQFAKEVDFFSIGTNDLIQYTMAADRMNEQVSYLYQPYNPSILRLINNVIKAAHAEGKWAGMCGEMAGDQTAVPLLMGMGLDEFSMSATSVLQTRSLMKRLDSKKMEELSSKALSECATMEEVIALVEEYTK,C=C(C(=O)O)OP(=O)(O)O,62577,-1.041397333,-1.065198064,-1.079801559,-1.082658291,-1.085460544
PGMT,A2RIG0,D-Glucose 6-phosphate,MGKYFGTDGVRGEANVELTPEMAFKLGRFGGYVLSQHELETPKVYVGRDTRISGQMLASSLISGLLSVGIEVYDLGVIATPGVAYLVKKDGASAGVMISASHNPALDNGIKFFGGDGYKLEDEKELEIEALIDAKEDTLPRPSAQGLGMLHDYIEGVRKYQAFLKTTAEGDFEGYNVVLDTANGASYTSARAVFADLKANLTVIGENPDGLNINVKVGSTHPEAMAKKVVETGSDLGLAFDGDADRLIAVDENGEIVDGDKIMFIVGKYLLEQGKLAQDTLVTTVMSNLGFHLALEEAGINSVITAVGDRYVVEEMKKNNYNFGGEQSGHMIFLDYNTTGDGQLSAIQLLKVMRETGKTLSELASEVTIYPQKLVNVRVKDNAAKKSAMDVPAIQKVISEMETSMNGKGRILVRPSGTEPLLRVMAEAPTHEQVDHVVDTIVEVVEEEIGVK,C(C(C(C(C(C=O)O)O)O)O)OP(=O)(O)O,48689,0.799660206,0.776626468,0.754458189,0.732417822,0.711735964
GALU,A2RK97,D-Glucose 1-phosphate,MKQTTIPNKARKVRKAVIPAAGLGTRFLPATKAIAKEMLPIVDKPTIQFIVEEALKSGIEDILIVTGKAKRPIEDHFDSNIELEQNLLEKGKTELLKLVEETTDINLHFIRQSHPKGLGHAVLQAKAFVGNEPFVVMLGDDLMNITGNETPLTKDLINDYEKTHASTIAVMKVPHEDVDKYGVIDPNGEVSKGLYNVERFVEKPKVEEAPSDLAIIGRYLLTPEIFDVLETQVPGAGNEIQLTDAIERLNKTQRVFAHEFTGKRYDVGDKLGFVETTIEYGLEHPQIGDNLKNYIIEKAKELSKDELKQNTKK,C(C1C(C(C(C(O1)OP(=O)(O)O)O)O)O)O,35002,0.733265162,0.728869796,0.729889512,0.733133078,0.739092112
UDPG4E,A2RNB2,UDPglucose,MTVLVLGGAGYVGSHAVDMLVNRGYDVAVVDNLVTGHREAVSEKVRFYEGDVRDHAFLASVFEKENIEGIMHFCAYSLVGESMQKPLMYFNNNVGGAQVILETMEEFGVKHIVFSSTAATFGIPEESPISEKTPQKPINPYGESKLIMEKMMKWQSQATDMTYVALRYFNVAGAKDDGSIGEAHKNETHLIPIILQTALGQREFITIYGDDYQTPDGTCIRDYIDMEDLIEAHIKALEYLKSGGKSDQFNLGSSKGYSNLEVLETARKVTGKEIPSQMGERRPGDPDELVADSTKAGEILGWKVKNDLEHIITNAWEWHQSHPKGY,C1=CN(C(=O)NC1=O)C2C(C(C(O2)COP(=O)(O)OP(=O)(O)OC3C(C(C(C(O3)CO)O)O)O)O)O,36292,-0.671876073,-0.712140441,-0.74409008,-0.746529818,-0.737088799
G6PDHy,A2RP18,D-Glucose 6-phosphate,MTEQKQALFTIFGATGDLAKRKLYPSLFRLFKKGELAENFAVIGTARRPWTNDYYREVVLESIKGLMNSKTEAENFASHFYYQSHDVSDSSHYVNLKDLGESLRKQYKTAGNQVFFLAMAPQFFGTIAEHLKSENILTGEGFERIVIEKPFGTSYNTAKSLNDSLSKVFTEEQIFRIDHYLGKEMIQAVSAVRFANPIFESIWNNQHIDNVQITFAEFIGVEDRGGYYETSGALKDMIQNHVLQVLSLIAMEKPQKFDEAHIVKEKVKALNAMRQYSPEEALNNFVRGQYVAGRFDGEDYSGYREEDSVAPDSRTETFAAGKFVIDNERWSGVPFYVRSGKRMTEKGTRINIVFKKDPDNLFADNCDDQSVQNILTIYIQPTEGFSLSVNGKAAGQGFHLEPLRLNFRHDSEFLGNSPEAYEKLFLDVLNGDGTNFSHWEEAARAWELIDVIREAWDKETSELPTYAARTMGPKAAFDLLEKEGHEWAWQPDVWYQECGYYDK,C(C(C(C(C(C=O)O)O)O)O)OP(=O)(O)O,57587,1.574325919,1.586466193,1.598541379,1.610670686,1.621931911
PGL,O86281,"6-phospho-D-glucono-1,5-lactone",MKEKILLGGYTKRVSKGVYSVLLDSKKAELSALTEVAAVQNPTYITLDQKGHLYTCAADGNGGGIAAFDFDGQNTTHLGNVTSTGAPLCYVAVDEARQLVYGANYHLGEVRVYKIQADGSLRLTDTVKHNGSGPRPEQASSHVHYSDLTPDGRLVTCDLGTDEVTVYDVIGEGKLNIVTIYRAEKGMGARHISFHPNGKIAYLVGELNSTIEVLSYNEEKGRFARLQTISTLPEDYHGANGVAAIRISSDGKFLYASNRGHDSLAIYKVSPLGTKLESIGWTKTEGHIPRDFNFNKTEDYIIVAHQESDNLTLFLRDKNTGSLTLEQKDFYAPEITCVLPL,C(C1C(C(C(C(=O)O1)O)O)O)OP(=O)(O)O,37265,0.427024603,0.422587007,0.419283003,0.417303473,0.416364372
PGDH,P96789,6-Phospho-D-gluconate,MAQANFGVVGMAVMGKNLALNVESRGYTVAIYNRTTSKTEEVYKEHQDKNLVFTKTLEEFVGSLEKPRRIMLMVQAGAATDATIKSLLPLLDIGDILIDGGNTHFPDTMRRNAELADSGINFIGTGVSGGEKGALLGPSMMPGGQKEAYDLVAPIFEQIAAKAPQDGKPCVAYMGANGAGHYVKMVHNGIEYGDMQLIAESYDLLKRILGLSNAEIQAIFEEWNEGELDSYLIEITKEVLKRKDDEGEGYIVDKILDKAGNKGTGKWTSESALDLGVPLPLITESVFARYISTYKDERVKASKVLSGPALDFSGDKKEVIEKIRKALYFSKIMSYAQGFAQLRKASEEFDWDLPYGTIAQIWRAGCIIRAEFLQNITDAFDKDSELENLLLDDYFVDITKRYQEAVRDVVSLAVQAGTPIPTFTSAISYYDSYRSENLPANLIQAQRDYFGAHTYERTDKAGIFHYDWYTED,C(C(C(C(C(C(=O)O)O)O)O)O)OP(=O)(O)O,52460,0.849956751,0.849639297,0.844777465,0.838028669,0.834156036
PGDH,A2RNY8,6-Phospho-D-gluconate,MKFGMIGLGKMGMNLVKNAVDHEIEVVAYDVNAEAVEEAGNYSEKITAVKSIDELLTELSEPKIIWLMLPAGKATNSTIELLSEKLSAADILIDGGNSNYKDNLEQNKLLTEKGIKFFDVGTSGGMAGARQGGNFMIGGDDENSWSVIEPIFKAISTENGYLYTGKLGSGHYLKMIHNGIEYGMMQAIAEGFEILEESPFDYDYEAVAKLWNHGSVIRSWLMELAQDQFSKDPKLDQIIGRVQSSGEGKWTIEESLDLGVPAPVIALSLMMRQRSLQEDTMTGKVVAALRNGFGGHEVEQK,C(C(C(C(C(C(=O)O)O)O)O)O)OP(=O)(O)O,32996,1.508615375,1.495595336,1.481193423,1.465837359,1.449726582
PGI,A2RNW8,D-Glucose 6-phosphate,MAHIKFDYSKLTPFVAENELDEIQWQIDGAAKLLHEGKGAGSDYIGWLDLPEDYDKEEFARIQKAAKKIQSDSEVLIVIGIGGSYLGARAAIDFLSNSFVNLQTAEERKAPRILYAGNSISSSYLADLVDYVADKDFSVNVISKSGTTTEPAIAFRVFEEMLVKKYGREEANKRIYATTDKEKGAVKVNADANNWETFVVPDSVGGRFSVLTAVGLLPIAASGADITALMEGANAARKEYTSTNVHENDAYAYAALRNILYRKGKFSEILINYEPSLQYFSEWWKQLAGESEGKDQKGIYPTSANFSTDLHSLGQWIQEGTRTVFETAIRIEKPRKNINIPELDADLDGLGYLQGKDVDFVNKKAADGVLLAHTDGNVPNMIVTLPEQDEFTLGYAIYFFELAIGVSGYLNGINPFNQPGVEAYKKNMFALLGKPGFEELSKELNDRL,C(C(C(C(C(C=O)O)O)O)O)OP(=O)(O)O,49595,1.113541245,1.102226019,1.091025949,1.079882264,1.068800092
PFK,A2RKA2,D-Fructose 6-phosphate,MKRIAVLTSGGDAPGMNAAIRAVVRKAISEGIEVYGINHGYAGMVAGDIFPLTSASVGDKIGRGGTFLYSARYPEFAQVEGQLAGIEQLKKFGIEGVVVIGGDGSYHGAMRLTEHGFPAVGLPGTIDNDIVGTDFTIGFDTAVSTVVDALDKIRDTSSSHNRTFVVEVMGRNAGDIALNAGIAAGADDICIPEKEFKFENVVNNINKGYEKGKNHHIIVLAEGVMTGEEFATKLKEAGYKGDLRVSVLGHIQRGGSPTARDRVLASRMGARAVELLRDGIGGVAVGIRNEELVESPILGTAEEGALFSLTTEGGIKVNNPHKAGLELYRLNSALNNLNLN,C(C(C(C(C(=O)CO)O)O)O)OP(=O)(O)O,35806,0.240495801,0.206500515,0.175226763,0.144850597,0.114002891
PFK,A2RKA2,ATP,MKRIAVLTSGGDAPGMNAAIRAVVRKAISEGIEVYGINHGYAGMVAGDIFPLTSASVGDKIGRGGTFLYSARYPEFAQVEGQLAGIEQLKKFGIEGVVVIGGDGSYHGAMRLTEHGFPAVGLPGTIDNDIVGTDFTIGFDTAVSTVVDALDKIRDTSSSHNRTFVVEVMGRNAGDIALNAGIAAGADDICIPEKEFKFENVVNNINKGYEKGKNHHIIVLAEGVMTGEEFATKLKEAGYKGDLRVSVLGHIQRGGSPTARDRVLASRMGARAVELLRDGIGGVAVGIRNEELVESPILGTAEEGALFSLTTEGGIKVNNPHKAGLELYRLNSALNNLNLN,C1=NC(=C2C(=N1)N(C=N2)C3C(C(C(O3)COP(=O)(O)OP(=O)(O)OP(=O)(O)O)O)O)N,35806,-0.269484788,-0.273095638,-0.278822511,-0.291575879,-0.304938138
FBA,A2RN46,"D-Fructose 1,6-bisphosphate",MAIVSAEKFVQAARDNGYAIGGFNTNNLEWTQAILRAAEAKKTPVLIQTSMGAAKYMGGYKMCKLLIETLVESMGITVPVAIHLDHGHFDDALECIEVGYSSLMFDGSHLPIEENLKLAEEVIAKAHAKGISVECEVGSIGGEEDGIVGEGELAPIDDAVAMAKLGVDFLAAGIGNIHGPYPENWKGLHIDHLEKLNKALVEAMGHNVPIVLHGGSGIPDDQIREAIANGVAKVNVNTECQLAFAAATRKFVNEFDANEAEYMKKKLFDPRKFLKPGFDAITASVEERIDVFGSANKA,C(C1C(C(C(O1)(COP(=O)([O-])[O-])O)O)O)OP(=O)([O-])[O-],31990,-1.390494466,-1.341435432,-1.289923787,-1.237742543,-1.182017207
TPI,A2RL40,Dihydroxyacetone phosphate,MSRKPIIAGNWKMNKTLSEAQAFVEAVKNNLPSSDNVESVIGAPALFLAPMAYLRQGSELKLAAENSYFENAGAFTGENSPAAIVDLGIEYIIIGHSERREYFHETDEDINKKAKAIFAAGATPILCCGETLETFEAGKTAEWVSGQIEAGLAGLTAEQVSNLVIAYEPIWAIGTGKTATNEIADETCGVVRSTVEKLYGKEVSEAVRIQYGGSVKPETIEGLMAKENIDGALVGGASLEADSFLALLEMYK,C(C(=O)COP(=O)(O)O)O,26933,-0.812242746,-0.834700346,-0.855630398,-0.876739621,-0.899307609
GAPD,A2RIN9,Glyceraldehyde 3-phosphate,MVVKVGINGFGRIGRLALRRIQEVEGVEVAHINDLTDPAMLAHLLKYDTTQGRFKGTVEVKEDGFDVNGKFVKVTAERNPEDIQWADSGVEIVLEATGFFATKEKAEKHLHPGGAKKVLITAPGGNDVKTVVFNTNHTILDGSETVISAGSCTTNSLAPMADALNKNFGVKGGTMTTVHSYTGDQMTLDGPHRGGDFRRARAAAENIVPASSGAAKAIGLVLPELSGLMKGHAQRVSTPTGSITELVTVLEKHVTVDEINEAMKAAADESFGYNVDEIVSSDIIGMAYGSLFDATLTEVTDLKDGGQLVKTAAWYDNEMSFTAQLIRTLEYFAKIAK,C(C(C=O)O)OP(=O)(O)O,36043,0.436960906,0.452412516,0.468327433,0.484885573,0.503210604
GAPD,A2RIN9,NAD,MVVKVGINGFGRIGRLALRRIQEVEGVEVAHINDLTDPAMLAHLLKYDTTQGRFKGTVEVKEDGFDVNGKFVKVTAERNPEDIQWADSGVEIVLEATGFFATKEKAEKHLHPGGAKKVLITAPGGNDVKTVVFNTNHTILDGSETVISAGSCTTNSLAPMADALNKNFGVKGGTMTTVHSYTGDQMTLDGPHRGGDFRRARAAAENIVPASSGAAKAIGLVLPELSGLMKGHAQRVSTPTGSITELVTVLEKHVTVDEINEAMKAAADESFGYNVDEIVSSDIIGMAYGSLFDATLTEVTDLKDGGQLVKTAAWYDNEMSFTAQLIRTLEYFAKIAK,C1=CC(=C[N+](=C1)C2C(C(C(O2)COP(=O)([O-])OP(=O)(O)OCC3C(C(C(O3)N4C=NC5=C(N=CN=C54)N)O)O)O)O)C(=O)N,36043,0.766047359,0.771750093,0.779555559,0.786240816,0.78761065
GAPD,A2RIN9,Phosphate,MVVKVGINGFGRIGRLALRRIQEVEGVEVAHINDLTDPAMLAHLLKYDTTQGRFKGTVEVKEDGFDVNGKFVKVTAERNPEDIQWADSGVEIVLEATGFFATKEKAEKHLHPGGAKKVLITAPGGNDVKTVVFNTNHTILDGSETVISAGSCTTNSLAPMADALNKNFGVKGGTMTTVHSYTGDQMTLDGPHRGGDFRRARAAAENIVPASSGAAKAIGLVLPELSGLMKGHAQRVSTPTGSITELVTVLEKHVTVDEINEAMKAAADESFGYNVDEIVSSDIIGMAYGSLFDATLTEVTDLKDGGQLVKTAAWYDNEMSFTAQLIRTLEYFAKIAK,[O-]P(=O)([O-])[O-],36043,0.996392012,0.990845799,0.987664104,0.98449254,0.981305122
GAPD,A2RP55,Glyceraldehyde 3-phosphate,MVVKVGINGFGRIGRLAFRRIQNVEGVEVVAINDLTDPAMLAHLLKYDTTQGRFDGKVEVKDGGFEVNGKFVKVTAESNPANINWAEVGAEIVLEATGFFATKEKAEQHLHANGAKKVVITAPGGSDVKTIVFNTNHEVLDGTETVISAGSCTTNCLAPMADTLNKQFGIKVGTMTTVHGYTGDQMTLDGPHRGGDFRRARAAAENIVPNSTGAAKAIGLVLPELQGKLQGHAQRVPVPTGSLTELVTILDKEVTVDEINAAMKAASNESFGYNEDQIVSSDIVGISNSSLFDATQTEVTSANGAQLVKTVSWYDNEMSYTSNLVRTLAYFAKIAK,C(C(C=O)O)OP(=O)(O)O,35819,2.184523821,2.206378698,2.22911334,2.251816034,2.274642944
GAPD,A2RP55,NAD,MVVKVGINGFGRIGRLAFRRIQNVEGVEVVAINDLTDPAMLAHLLKYDTTQGRFDGKVEVKDGGFEVNGKFVKVTAESNPANINWAEVGAEIVLEATGFFATKEKAEQHLHANGAKKVVITAPGGSDVKTIVFNTNHEVLDGTETVISAGSCTTNCLAPMADTLNKQFGIKVGTMTTVHGYTGDQMTLDGPHRGGDFRRARAAAENIVPNSTGAAKAIGLVLPELQGKLQGHAQRVPVPTGSLTELVTILDKEVTVDEINAAMKAASNESFGYNEDQIVSSDIVGISNSSLFDATQTEVTSANGAQLVKTVSWYDNEMSYTSNLVRTLAYFAKIAK,C1=CC(=C[N+](=C1)C2C(C(C(O2)COP(=O)([O-])OP(=O)(O)OCC3C(C(C(O3)N4C=NC5=C(N=CN=C54)N)O)O)O)O)C(=O)N,35819,1.597292662,1.590902448,1.585464835,1.57790029,1.575843096
GAPD,A2RP55,Phosphate,MVVKVGINGFGRIGRLAFRRIQNVEGVEVVAINDLTDPAMLAHLLKYDTTQGRFDGKVEVKDGGFEVNGKFVKVTAESNPANINWAEVGAEIVLEATGFFATKEKAEQHLHANGAKKVVITAPGGSDVKTIVFNTNHEVLDGTETVISAGSCTTNCLAPMADTLNKQFGIKVGTMTTVHGYTGDQMTLDGPHRGGDFRRARAAAENIVPNSTGAAKAIGLVLPELQGKLQGHAQRVPVPTGSLTELVTILDKEVTVDEINAAMKAASNESFGYNEDQIVSSDIVGISNSSLFDATQTEVTSANGAQLVKTVSWYDNEMSYTSNLVRTLAYFAKIAK,[O-]P(=O)([O-])[O-],35819,1.678597093,1.706139207,1.733240008,1.759155512,1.785438776
PGK,A2RHX1,3-Phospho-D-glyceroyl phosphate,MAKLTVKDVELKGKKVLVRVDFNVPIKDGVITNDNRITAALPTIKYILEQGGRAVLFSHLGRVKEESDKAGKSLAPVAKALSEKLGQDVVFPGATRGAELEAAINELKDGEILLVENTRFEDIDGKKESKNDPELGKYWASLGDGIFVNDAFGTAHRAHASNVGISANVEKAVAGFLLENEIAYIQEAVEAPERPFVAILGGSKVSDKIGVIENLLSKADKVIIGGGMAYTFLKAQGYEIGTSLVEDDKLDLAKELLEKAAGKLILPLDHKVANAFAGYTEVKETADQNIPAGFMGLDVANKTIADYNTQLEGAKTVVWNGPVGVFENPDFQAGTVGLMEAIVKQPGVKSIIGGGDSAAAAINLGYAEKFSWISTGGGASMELLEGKVLPGLAALTEK,C(C(C(=O)OP(=O)(O)O)O)OP(=O)(O)O,42107,1.447392225,1.427461982,1.408390045,1.390133619,1.371651769
PGK,A2RHX1,ADP,MAKLTVKDVELKGKKVLVRVDFNVPIKDGVITNDNRITAALPTIKYILEQGGRAVLFSHLGRVKEESDKAGKSLAPVAKALSEKLGQDVVFPGATRGAELEAAINELKDGEILLVENTRFEDIDGKKESKNDPELGKYWASLGDGIFVNDAFGTAHRAHASNVGISANVEKAVAGFLLENEIAYIQEAVEAPERPFVAILGGSKVSDKIGVIENLLSKADKVIIGGGMAYTFLKAQGYEIGTSLVEDDKLDLAKELLEKAAGKLILPLDHKVANAFAGYTEVKETADQNIPAGFMGLDVANKTIADYNTQLEGAKTVVWNGPVGVFENPDFQAGTVGLMEAIVKQPGVKSIIGGGDSAAAAINLGYAEKFSWISTGGGASMELLEGKVLPGLAALTEK,C1=NC(=C2C(=N1)N(C=N2)C3C(C(C(O3)COP(=O)(O)OP(=O)(O)O)O)O)N,42107,0.585311055,0.576792955,0.571075678,0.571927071,0.57218945
PGM,A2RI67,3-Phospho-D-glycerate,MPKLVFARHGESEWNLANLFTGWADVDLSENGTKQAIEAGKLIKEAGIEFDIAYTSVLKRAIKTTNLALEFSDQLWVPVVKSWRLNERHYGGLTGLNKADAAAKHGDEQVHIWRRSYDVLPPAMDHDDKYTAHGDRRYAGLEDSLIPDAENLKVTLERALPFWEDQIAPALKEGKNVFVGAHGNSIRALVKQIKKLSDDEIMDVEIPNFPPLVFEFDDNLNVQNEYYLAPKKA,C(C(C(=O)O)O)OP(=O)(O)O,26314,2.905152559,2.913597345,2.922932386,2.93335247,2.944272518
PGM,A2RMG2,3-Phospho-D-glycerate,MRIYFVRHGKTEWNLARRLQGQKGDSPLLPESYEAIKRVHKFLEPIEFDKVLSSPQKRALTTADLLTNQSVSTDKRLSEWNFGELEGWFIRDAIAKYPKEMHDSRFELDQFDGSAFGAESVTSVLARFDSLAGDLLNSKMDNVLLVGHGASGTAGMRHLAGFPIAELRSVGGLANNTVTVLESNGSHFDLKIWDKQL,C(C(C(=O)O)O)OP(=O)(O)O,22038,2.919276953,2.929338694,2.939470291,2.950789452,2.963512182
PGM,A2RLI6,3-Phospho-D-glycerate,MVNIYLVRHGKTMFNTIGRAQGWSDTPLTEAGEQGIIELGLGFKEKGIKFDRAYSSDSGRTIQTMGFILANSDNEGIPYTYDKRIREWCFGSFDGGYDGELFDGVLPRIFTETGNNHTDEFPPDEVIANAIFEVDTAGWAEPWEKLSGRIMDGFTDIAKESEAKGAKNIVVVSHGMTIGTFVKLAQPELPRPHGLDNGSVTHLTFEDGKFTIGKVGDMSYRETGSEKLAKK,C(C(C(=O)O)O)OP(=O)(O)O,25500,1.498394608,1.49593389,1.497935891,1.501312375,1.504706621
ENO,A2RIX1,D-Glycerate 2-phosphate,MSIITDIYAREVLDSRGNPTLEVEVYTEDGAFGRGMVPSGASTGEHEAVELRDGDKSRYNGLGTQKAVDNVNNIIAEAIIGYEVTDQQAIDRAMIALDGTENKGKLGANAILGVSIAAARAAADELGVPLYNYLGGFNAKVLPTPMMNIINGGSHSDAPIAFQEFMIVPVGAPTFKEALRWGAEIFHALKKILKARGLETAVGDEGGFAPKFDGTEDGVETILKAIEAAGYKAGEDGVMIGFDCASSEFYENGVYDYTKFEGEGGKKLSASEQVDYLEELVSKYPIITIEDGMDENDWDGWKILTERLGKKVQLVGDDFFVTNTKYLERGIRENASNAILIKVNQIGTLTETFEAIEMAKEAGFTAIVSHRSGETEDSTISDIAVATNAGQIKTGSLSRTDRMAKYNQLLRIEDQLAEVAQYKGLKAFYNLKK,C(C(C(=O)O)OP(=O)(O)O)O,46912,1.667962432,1.682953477,1.697205067,1.71126461,1.725264907
PYK,A2RKA3,Phosphoenolpyruvate,MNKRVKIVSTLGPAVEIRGGKKFGESGYWGESLDVEASAKNIAALIEEGANVFRFNFSHGDHPEQGARMATVHRAEEIAGHKVGFLLDTKGPEMRTELFTDGADSISVVTGDKFRVATKQGLKSTPELIALNVAGGLDIFDDVEIGQTILIDDGKLGLSLTGKDAATREFEVEAQNDGVIGKQKGVNIPNTKIPFPALAERDDADIRFGLSQPGGINFIAISFVRTANDVKEVRRICEETGNPHVQLLAKIENQQGIENLDEIIEAADGIMIARGDMGIEVPFEMVPVYQKLIISKVNKAGKIVVTATNMLESMTYNPRATRSEISDVFNAVIDGTDATMLSGESANGKYPRESVRTMATVNKNAQTMLKEYGRLHPERYDKSTVTEVVAASVKNAAEAMDVKLIVALTESGNTARLISKHRPDADILAITFDEKVERGLMINWGVIPMMTEKPASTDDMFEVAEKVALASGLVEAGDNIIIVAGVPVGTGRTNTMRIRTVK,C=C(C(=O)O)OP(=O)(O)O,54286,0.665379524,0.650598645,0.634772182,0.620221496,0.607188344
PYK,A2RKA3,ADP,MNKRVKIVSTLGPAVEIRGGKKFGESGYWGESLDVEASAKNIAALIEEGANVFRFNFSHGDHPEQGARMATVHRAEEIAGHKVGFLLDTKGPEMRTELFTDGADSISVVTGDKFRVATKQGLKSTPELIALNVAGGLDIFDDVEIGQTILIDDGKLGLSLTGKDAATREFEVEAQNDGVIGKQKGVNIPNTKIPFPALAERDDADIRFGLSQPGGINFIAISFVRTANDVKEVRRICEETGNPHVQLLAKIENQQGIENLDEIIEAADGIMIARGDMGIEVPFEMVPVYQKLIISKVNKAGKIVVTATNMLESMTYNPRATRSEISDVFNAVIDGTDATMLSGESANGKYPRESVRTMATVNKNAQTMLKEYGRLHPERYDKSTVTEVVAASVKNAAEAMDVKLIVALTESGNTARLISKHRPDADILAITFDEKVERGLMINWGVIPMMTEKPASTDDMFEVAEKVALASGLVEAGDNIIIVAGVPVGTGRTNTMRIRTVK,C1=NC(=C2C(=N1)N(C=N2)C3C(C(C(O3)COP(=O)(O)OP(=O)(O)O)O)O)N,54286,-0.188552111,-0.140003458,-0.092337668,-0.042463064,0.005973406
LDH_L,P0CI34,Pyruvate,MKITSRKVVVIGTGFVGTSIAYSMINQGLVNELVLIDVNQDKAEGEALDLLDGISWAQENVIVRAGNYKDCENADIVVITAGVNQKPGQSRLDLVNTNAKIMRSIVTQVMDSGFDGIFVIASNPVDILTYVAWETSGLDQSRIVGTGTTLDTTRFRKELATKLEIDPRSVHGYIIGEHGDSEVAVWSHTTIGGKPILEFIVKNKKIGLEDLSNLSNKVKNAAYEIIDKKQATYYGIGMSTARIVKAILNNEQVILPVSAYLRGEYGQEGVFTGVPSVVNQNGVREIIELNIDAYEMKQFEKSVSQLKEVIESIK,CC(=O)C(=O)[O-],34398,2.337997675,2.334519386,2.330964088,2.327515364,2.324327469
LDH_L,P0CI34,NADH,MKITSRKVVVIGTGFVGTSIAYSMINQGLVNELVLIDVNQDKAEGEALDLLDGISWAQENVIVRAGNYKDCENADIVVITAGVNQKPGQSRLDLVNTNAKIMRSIVTQVMDSGFDGIFVIASNPVDILTYVAWETSGLDQSRIVGTGTTLDTTRFRKELATKLEIDPRSVHGYIIGEHGDSEVAVWSHTTIGGKPILEFIVKNKKIGLEDLSNLSNKVKNAAYEIIDKKQATYYGIGMSTARIVKAILNNEQVILPVSAYLRGEYGQEGVFTGVPSVVNQNGVREIIELNIDAYEMKQFEKSVSQLKEVIESIK,C1C=CN(C=C1C(=O)N)C2C(C(C(O2)COP(=O)(O)OP(=O)(O)OCC3C(C(C(O3)N4C=NC5=C(N=CN=C54)N)O)O)O)O,34398,1.528759122,1.556583762,1.584243417,1.6117419,1.640017867
LDH_L,A2RL45,Pyruvate,MKINNKKVVIVGAGAVGSTYAHNLVVDDLADEIAIINTNKSKASANSLDLLHALPYLNSAPKNIYAADYADVADADIVVLSANAPSATFGKNPDRLQLLENNVEMIRDITRKTMDAGFDGIFLVASNPVDVLAQVVAEVSGLPKHRIIGTGTLLETSRMRQIVAEKLQINPKSIHGYVLAEHGKSSFAAWSNVTVGAIPLTTWLEKYPNPDFPTFDEIDQEIREVGLDIFMQKGNTSYGIAASLARLTRAIFRNESVILPVSAHLTGQYGQAELYTGSPAIIDRTGVRAVLELELTAEEQGKFEHSAALLKENFESIKEKCTL,CC(=O)C(=O)[O-],35047,1.490427256,1.497245669,1.503228545,1.508907676,1.514953375
LDH_L,A2RL45,NADH,MKINNKKVVIVGAGAVGSTYAHNLVVDDLADEIAIINTNKSKASANSLDLLHALPYLNSAPKNIYAADYADVADADIVVLSANAPSATFGKNPDRLQLLENNVEMIRDITRKTMDAGFDGIFLVASNPVDVLAQVVAEVSGLPKHRIIGTGTLLETSRMRQIVAEKLQINPKSIHGYVLAEHGKSSFAAWSNVTVGAIPLTTWLEKYPNPDFPTFDEIDQEIREVGLDIFMQKGNTSYGIAASLARLTRAIFRNESVILPVSAHLTGQYGQAELYTGSPAIIDRTGVRAVLELELTAEEQGKFEHSAALLKENFESIKEKCTL,C1C=CN(C=C1C(=O)N)C2C(C(C(O2)COP(=O)(O)OP(=O)(O)OCC3C(C(C(O3)N4C=NC5=C(N=CN=C54)N)O)O)O)O,35047,0.389551699,0.388964921,0.388925821,0.388890862,0.388979197
LDH_L,A2RKA4,Pyruvate,MADKQRKKVILVGDGAVGSSYAFALVNQGIAQELGIVDLFKEKTQGDAEDLSHALAFTSPKKIYSADYSDASDADLVVLTSGAPQKPGETRLDLVEKNLRITKDVVTKIVASGFKGIFLVAANPVDILTYATWKFSGFPKNRVVGSGTSLDTARFRQALAEKVDVDARSIHAYIMGEHGDSEFAVWSHANVAGVKLEQWFQENDYLNEAEIVELFESVRDAAYSIIAKKGATFYGVAVALARITKAILDDEHAVLPVSVFQDGQYGVSDCYLGQPAVVGAEGVVNPIHIPLNDAEMQKMEASGAQLKAIIDEAFAKEEFASAVKN,CC(=O)C(=O)[O-],35051,2.508539915,2.506383657,2.504255533,2.50215435,2.500029564
LDH_L,A2RKA4,NADH,MADKQRKKVILVGDGAVGSSYAFALVNQGIAQELGIVDLFKEKTQGDAEDLSHALAFTSPKKIYSADYSDASDADLVVLTSGAPQKPGETRLDLVEKNLRITKDVVTKIVASGFKGIFLVAANPVDILTYATWKFSGFPKNRVVGSGTSLDTARFRQALAEKVDVDARSIHAYIMGEHGDSEFAVWSHANVAGVKLEQWFQENDYLNEAEIVELFESVRDAAYSIIAKKGATFYGVAVALARITKAILDDEHAVLPVSVFQDGQYGVSDCYLGQPAVVGAEGVVNPIHIPLNDAEMQKMEASGAQLKAIIDEAFAKEEFASAVKN,C1C=CN(C=C1C(=O)N)C2C(C(C(O2)COP(=O)(O)OP(=O)(O)OCC3C(C(C(O3)N4C=NC5=C(N=CN=C54)N)O)O)O)O,35051,2.443429947,2.445069551,2.451102495,2.457637787,2.464298487
PFL,O32799,Pyruvate,MKTEVTENIFEQAWDGFKGTNWRDKASVTRFVQENYKPYDGDESFLAGPTERTLKVKKIIEDTKNHYEEVGFPFDTDRVTSIDKIPAGYIDANDKELELIYGMQNSELFRLNFMPRGGLRVAEKILTEHGLSVDPGLHDVLSQTMTSVNDGIFRAYTSAIRKARHAHTVTGLPDAYSRGRIIGVYARLALYGADYLMKEKAKEWDAITEINDDNIRLKEEINMQYQALQEVVNFGALYGLDVSRPAMNVKEAIQWVNIAYMAVCRVINGAATSLGRVPIVLDIFAERDLARGTFTEQEIQEFVDDFILKLRTMKFARAAAYDELYSGDPTFITTSMAGMGNDGRHRVTKMDYRFLNTLDTIGNAPEPNLTVLWDSKLPYSFKRYSMSMSHKHSSIQYEGVETMAKDGYGEMSCISCCVSPLDPENEEGRHNLQYFGARVNVLKAMLTGLNGGYDDVHKDYKVFDIEPVRDEILDYDTVMENFDKSLNWLTDTYVDAMNIIHYMTDKYNYEAVQMAFLPTKVRANMGFGICGFANTVDSLSAIKYAKVKTLRDENGYIYDYEVEGDFPRYGEDDDRADDIAKLVMKMYHEKLASHKLYKNAEATVSLLTITSNVAYSKQTGNSPVHKGVFLNEDGTVNKSKLEFFSPGANPSNKAKGGWLQNLRSLAKLEFKDANDGISLTTQVSPRALGKTRDEQVDNLVQILDGYFTPGALINGTEFAGQHVNLNVMDLKDVYDKIMRGEDVIVRISGYCVNTKYLTPEQKQELTERVFHEVLSNDDEEVMHTSNI,CC(=O)C(=O)[O-],89107,2.360875845,2.341142654,2.321199656,2.301850796,2.284802437
PFL,O32799,Coenzyme A,MKTEVTENIFEQAWDGFKGTNWRDKASVTRFVQENYKPYDGDESFLAGPTERTLKVKKIIEDTKNHYEEVGFPFDTDRVTSIDKIPAGYIDANDKELELIYGMQNSELFRLNFMPRGGLRVAEKILTEHGLSVDPGLHDVLSQTMTSVNDGIFRAYTSAIRKARHAHTVTGLPDAYSRGRIIGVYARLALYGADYLMKEKAKEWDAITEINDDNIRLKEEINMQYQALQEVVNFGALYGLDVSRPAMNVKEAIQWVNIAYMAVCRVINGAATSLGRVPIVLDIFAERDLARGTFTEQEIQEFVDDFILKLRTMKFARAAAYDELYSGDPTFITTSMAGMGNDGRHRVTKMDYRFLNTLDTIGNAPEPNLTVLWDSKLPYSFKRYSMSMSHKHSSIQYEGVETMAKDGYGEMSCISCCVSPLDPENEEGRHNLQYFGARVNVLKAMLTGLNGGYDDVHKDYKVFDIEPVRDEILDYDTVMENFDKSLNWLTDTYVDAMNIIHYMTDKYNYEAVQMAFLPTKVRANMGFGICGFANTVDSLSAIKYAKVKTLRDENGYIYDYEVEGDFPRYGEDDDRADDIAKLVMKMYHEKLASHKLYKNAEATVSLLTITSNVAYSKQTGNSPVHKGVFLNEDGTVNKSKLEFFSPGANPSNKAKGGWLQNLRSLAKLEFKDANDGISLTTQVSPRALGKTRDEQVDNLVQILDGYFTPGALINGTEFAGQHVNLNVMDLKDVYDKIMRGEDVIVRISGYCVNTKYLTPEQKQELTERVFHEVLSNDDEEVMHTSNI,CC(C)(COP(=O)(O)OP(=O)(O)OCC1C(C(C(O1)N2C=NC3=C(N=CN=C32)N)O)OP(=O)(O)O)C(C(=O)NCCC(=O)NCCS)O,89107,2.00484848,1.996105313,1.98781383,1.979767919,1.971363783
PDH,A2RHE4,Pyruvate,MSNSEQILDFKTQLSLQDTAFPMLQILNEEGKIVDEEGLKRAGLSDEKLVELFKSMLFARQVDIRSMKLAKQGRMGFFGPHAGQEASQMASAFAFTDEDWLFPGYRDLPQIYAKGWPIWKGLLWSRGHQLGNEYTTDDGKPVNSWFPQIIIGAQYVEAAGVALGLKKRKKDAVAFVYTGDGGSSQGDTYEGINFAGAYKAPLVAFIQNNGYAISTPRSLQSAAPHLAAKGWAAGAPSIVVDGMDAIAMYLASKEARAWAVAGNGPVVIEAITNRLEPHSTAGDDPLRYRTKEDIEAWWKKEPLVRMRNFLTEKGLWDTDKEEAYVAELDARIDADIKKANNVEKQKISSFIKNTLEVPSQAMAEQIAKFESEGK,CC(=O)C(=O)[O-],41352,1.767406344,1.762888551,1.758414388,1.753973842,1.750468135
PDH,A2RHE4,Coenzyme A,MSNSEQILDFKTQLSLQDTAFPMLQILNEEGKIVDEEGLKRAGLSDEKLVELFKSMLFARQVDIRSMKLAKQGRMGFFGPHAGQEASQMASAFAFTDEDWLFPGYRDLPQIYAKGWPIWKGLLWSRGHQLGNEYTTDDGKPVNSWFPQIIIGAQYVEAAGVALGLKKRKKDAVAFVYTGDGGSSQGDTYEGINFAGAYKAPLVAFIQNNGYAISTPRSLQSAAPHLAAKGWAAGAPSIVVDGMDAIAMYLASKEARAWAVAGNGPVVIEAITNRLEPHSTAGDDPLRYRTKEDIEAWWKKEPLVRMRNFLTEKGLWDTDKEEAYVAELDARIDADIKKANNVEKQKISSFIKNTLEVPSQAMAEQIAKFESEGK,CC(C)(COP(=O)(O)OP(=O)(O)OCC1C(C(C(O1)N2C=NC3=C(N=CN=C32)N)O)OP(=O)(O)O)C(C(=O)NCCC(=O)NCCS)O,41352,0.55550611,0.546943903,0.541313052,0.53660357,0.531848311
PDH,A2RHE4,NAD,MSNSEQILDFKTQLSLQDTAFPMLQILNEEGKIVDEEGLKRAGLSDEKLVELFKSMLFARQVDIRSMKLAKQGRMGFFGPHAGQEASQMASAFAFTDEDWLFPGYRDLPQIYAKGWPIWKGLLWSRGHQLGNEYTTDDGKPVNSWFPQIIIGAQYVEAAGVALGLKKRKKDAVAFVYTGDGGSSQGDTYEGINFAGAYKAPLVAFIQNNGYAISTPRSLQSAAPHLAAKGWAAGAPSIVVDGMDAIAMYLASKEARAWAVAGNGPVVIEAITNRLEPHSTAGDDPLRYRTKEDIEAWWKKEPLVRMRNFLTEKGLWDTDKEEAYVAELDARIDADIKKANNVEKQKISSFIKNTLEVPSQAMAEQIAKFESEGK,C1=CC(=C[N+](=C1)C2C(C(C(O2)COP(=O)([O-])OP(=O)(O)OCC3C(C(C(O3)N4C=NC5=C(N=CN=C54)N)O)O)O)O)C(=O)N,41352,0.905416012,0.897288442,0.888874054,0.880502701,0.872851014
PTAr,A2RJB5,Acetyl-CoA,MELFESLKQKISGKDLKIVFPEGTDTRILGAANRLNADGLITPVFIGNVKEVTETLISRGINPEGFEIYDPENCGRFETMTETFVERRKGKVTEEQAKEILKDPNYFGTMLVYMGIADGMVSGAIHSTADTVRPALQIIKTKPGVKSVSGAFIMVRGRDDNEKYIFGDCAINIKPDAPTLADIAVASAETARLFDIDPKIAMLSFSTKGSGKSEDVDKVVEATTLVKEGHPEVEIDGELQFDAAFVPAVARQKAPDSEVAGRANVFIFPDIQSGNIGYKIAQRLGNFEAIGPILQGLNAPVSDLSRGCNEEDVYKLAIITAAQALK,CC(=O)SCCNC(=O)CCNC(=O)C(C(C)(C)COP(=O)(O)OP(=O)(O)OCC1C(C(C(O1)N2C=NC3=C(N=CN=C32)N)O)OP(=O)(O)O)O,35291,0.274892598,0.263178021,0.248752266,0.230470121,0.212697715
PTAr,A2RJB5,Phosphate,MELFESLKQKISGKDLKIVFPEGTDTRILGAANRLNADGLITPVFIGNVKEVTETLISRGINPEGFEIYDPENCGRFETMTETFVERRKGKVTEEQAKEILKDPNYFGTMLVYMGIADGMVSGAIHSTADTVRPALQIIKTKPGVKSVSGAFIMVRGRDDNEKYIFGDCAINIKPDAPTLADIAVASAETARLFDIDPKIAMLSFSTKGSGKSEDVDKVVEATTLVKEGHPEVEIDGELQFDAAFVPAVARQKAPDSEVAGRANVFIFPDIQSGNIGYKIAQRLGNFEAIGPILQGLNAPVSDLSRGCNEEDVYKLAIITAAQALK,[O-]P(=O)([O-])[O-],35291,-0.570556998,-0.565890789,-0.551496506,-0.537263274,-0.517939925
ACKr,A2RNG4,Acetyl phosphate,MEKTLAVNAGSSSLKWQLYEMPEETVIAKGIFERIGLSGSISTTKFNNEEHVRKQEIVDHRQAVLLLMDELIHFQLIHEFREITGIGHRVVAGGEFFKDSTIITPEVLAEIKNLSTLAPLHNPANVLGIEAFQRLLPDALAVAVFDTAFHSTLPEKAYRYPIPTKYYEDYSIRKYGAHGTSHMYVAQEAAKVLGKPLEELKIITAHIGNGASITAIEGGKSVDTSMGFTPLAGVMMGTRAGEMDASVIPYMLESDPSLRNAQDVIDILNKESGVLGVSELSSDMRDLSEAVAKGNPKAILAYEMYVDRLKKFIAQYFGVLNGADALIFTAGVGENDTAVRTDVVNGLSWFGMEIDESKNVRGAFGIISKPESKVKVLVVPTNEELVIARDVEAAK,CC(=O)OP(=O)(O)O,43174,2.387064219,2.393075228,2.399361372,2.407274961,2.415159702
ACKr,A2RNG4,ADP,MEKTLAVNAGSSSLKWQLYEMPEETVIAKGIFERIGLSGSISTTKFNNEEHVRKQEIVDHRQAVLLLMDELIHFQLIHEFREITGIGHRVVAGGEFFKDSTIITPEVLAEIKNLSTLAPLHNPANVLGIEAFQRLLPDALAVAVFDTAFHSTLPEKAYRYPIPTKYYEDYSIRKYGAHGTSHMYVAQEAAKVLGKPLEELKIITAHIGNGASITAIEGGKSVDTSMGFTPLAGVMMGTRAGEMDASVIPYMLESDPSLRNAQDVIDILNKESGVLGVSELSSDMRDLSEAVAKGNPKAILAYEMYVDRLKKFIAQYFGVLNGADALIFTAGVGENDTAVRTDVVNGLSWFGMEIDESKNVRGAFGIISKPESKVKVLVVPTNEELVIARDVEAAK,C1=NC(=C2C(=N1)N(C=N2)C3C(C(C(O3)COP(=O)(O)OP(=O)(O)O)O)O)N,43174,1.202194691,1.194184899,1.189078212,1.187051773,1.1946522
ACKr,A2RNG5,Acetyl phosphate,MTKTLAVNAGSSSMKWQMYEMPEEKVLAKGLIERIGLKDSIVTVKFGEEKEERVFDIPNHTEAVEVLLEDLKRLKIVEEFTEITGVGHRVVAGGEIFQKSTVVTPEVLQQVKDLSALAPLHNPANAAGIEAFLNLLPDATSVVVFDTAFHTTMPEKAFRYPLPKKYYTDYAVRKYGAHGTSHMYVSQEAAKLLGKPIEETKIITAHIGNGASITAVKGGESVDTSMGFTPLAGVMMGTRTGEMDPSVFPYLIENDSELKDAQDVVDMMNKESGLYGVSGISSDMRDIIAAKDTDADAKLAFEMYVDRIQKFIGQYLAVLNGADALVFTAGIGENSVPVREAILSGLTWFGIEVDPEKNVFGVEGEISKPSSRLKVFVIPTDEELVIARDVEALKK,CC(=O)OP(=O)(O)O,43144,3.043460369,3.060326815,3.077110291,3.093812704,3.110435724
ACKr,A2RNG5,ADP,MTKTLAVNAGSSSMKWQMYEMPEEKVLAKGLIERIGLKDSIVTVKFGEEKEERVFDIPNHTEAVEVLLEDLKRLKIVEEFTEITGVGHRVVAGGEIFQKSTVVTPEVLQQVKDLSALAPLHNPANAAGIEAFLNLLPDATSVVVFDTAFHTTMPEKAFRYPLPKKYYTDYAVRKYGAHGTSHMYVSQEAAKLLGKPIEETKIITAHIGNGASITAVKGGESVDTSMGFTPLAGVMMGTRTGEMDPSVFPYLIENDSELKDAQDVVDMMNKESGLYGVSGISSDMRDIIAAKDTDADAKLAFEMYVDRIQKFIGQYLAVLNGADALVFTAGIGENSVPVREAILSGLTWFGIEVDPEKNVFGVEGEISKPSSRLKVFVIPTDEELVIARDVEALKK,C1=NC(=C2C(=N1)N(C=N2)C3C(C(C(O3)COP(=O)(O)OP(=O)(O)O)O)O)N,43144,0.946004987,0.966622591,0.986908317,1.007085323,1.027080059
ACCOAC,A2RM22,Acetyl-CoA,MSETIDSLTGEVSQKNIADIINEARAADRISARDIIDKVFTDFFELHGDRQLTDDEAIVGGIARFNNQAVTVIGIQKGRNLAENLATNFGQPSPNGYRKALRLMKQAEKFGRPVITFINTAGAYPGIEAEERGQGEAIARNLLEMSDLKVPIIAFITGEGGSGGALALALANKVYILENAVYSVLSPEGFATILWKDGSRRDEAAELMKITAPHLLEMGLVDAIVSEENLIENLKRQLTESLGELSLLTEIELAEQRYERFRKY,CC(=O)SCCNC(=O)CCNC(=O)C(C(C)(C)COP(=O)(O)OP(=O)(O)OCC1C(C(C(O1)N2C=NC3=C(N=CN=C32)N)O)OP(=O)(O)O)O,29028,-1.37077105,-1.36633718,-1.359960914,-1.351357818,-1.347580671
ACCOAC,A2RM23,Acetyl-CoA,MALFQKKKYIKINPNRSIIEKQAEQPEVPDELFAKCPACKHTIYQKDLGKNKVCPNCDYNFRITAKERLAIVADKDSFIEMFTGIESKNPLDFPGYPEKLAATKARTGLDEAVMTGTATIKGQKTALAIMDSTFIMASMGTVVGEKLTRLFEYATTEKLPIIVFTASGGARMQEGIMSLMQMAKTSAAVKRHSNAGLFYITVLTDPTTGGVTASFASLGDIILAEPQSLIGFAGRRVIEQTVRQTLPDDFQKAEFLLNHGFVDAIVKRTELRQKLALLLELHTEVENV,CC(=O)SCCNC(=O)CCNC(=O)C(C(C)(C)COP(=O)(O)OP(=O)(O)OCC1C(C(C(O1)N2C=NC3=C(N=CN=C32)N)O)OP(=O)(O)O)O,31802,0.744277,0.754675865,0.769687414,0.784586668,0.798696756
ACCOAC,A2RM24,Bicarbonate,MFNKILIANRGEIAVRIIRAARELGVGTVAIYSTADRDALHVHLADEAICVGPARSTESYLNMNNILSAAVATGAQAIHPGFGFLSENSKFARLCEEMNIKFIGPSAKVMDMMGDKINARAEMIKADVPVTPGSEGEVHTTDEAVKIAEEIGYPIMLKASAGGGGKGIRKVNNVEELVPAFEAAQAEAQAAFGNGAMFIERMIFPARHIEVQILGDSQGNVIHLGERDCSLQRNNQKVLEESPSVAIGHTLRNEITAAAVKAAQHVSYENAGTIEFLLDESSGKFYFMEMNTRVQVEHPVTEFVSGVDIVKEQIRVANGNELSVKQEDVTFSGHAIECRINAENPKFNFAPSPGKITNLFLPSGGVGLRVDSAMYSGYSIPPYYDSMIAKVIVHGENRFEALMKMQRALLEFDVEGVITNVDFQLELISDPHVVAGDYDTSFLGNVFLPEYQKED,C(=O)(O)[O-],49557,1.044886708,1.070462346,1.098111272,1.127182126,1.16224277
ACCOAC,A2RM24,ATP,MFNKILIANRGEIAVRIIRAARELGVGTVAIYSTADRDALHVHLADEAICVGPARSTESYLNMNNILSAAVATGAQAIHPGFGFLSENSKFARLCEEMNIKFIGPSAKVMDMMGDKINARAEMIKADVPVTPGSEGEVHTTDEAVKIAEEIGYPIMLKASAGGGGKGIRKVNNVEELVPAFEAAQAEAQAAFGNGAMFIERMIFPARHIEVQILGDSQGNVIHLGERDCSLQRNNQKVLEESPSVAIGHTLRNEITAAAVKAAQHVSYENAGTIEFLLDESSGKFYFMEMNTRVQVEHPVTEFVSGVDIVKEQIRVANGNELSVKQEDVTFSGHAIECRINAENPKFNFAPSPGKITNLFLPSGGVGLRVDSAMYSGYSIPPYYDSMIAKVIVHGENRFEALMKMQRALLEFDVEGVITNVDFQLELISDPHVVAGDYDTSFLGNVFLPEYQKED,C1=NC(=C2C(=N1)N(C=N2)C3C(C(C(O3)COP(=O)(O)OP(=O)(O)OP(=O)(O)O)O)O)N,49557,1.243649721,1.285091758,1.321647525,1.357766747,1.394810557
MACPMT,A2RM30,Malonyl-CoA,MTKTAFLFSGQGAQQLGMARDLYDQHESVKTTFDEASKALGYDLRALIDHDEEKLNETEYTQPAILTTSVAIMRLLNENGIKPDVVAGLSLGEYSALVASGIIDFQEAVKLVAKRGQYMTEAAPTGSGKMVAVMNTEPALIEEICQKASERGIVSPANYNTPAQIVIGGEVLAVDYAVELLKEAGVRKLIELKVSGPFHTAILKPASEKLALELDKINFKSFELPLISNTSAKVMQEDEVKALLTRQVMEPVRFYESVETMQKVGVTRFIEVGPGKVLSGFIKKIDKNAEFTNVCDVATFEALISQ,CC(C)(COP(=O)(O)OP(=O)(O)OCC1C(C(C(O1)N2C=NC3=C(N=CN=C32)N)O)OP(=O)(O)O)C(C(=O)NCCC(=O)NCCSC(=O)CC(=O)O)O,33411,-0.67371428,-0.662659764,-0.653042316,-0.643445015,-0.629874587
MACPMT,A2RM30,Acyl carrier protein,MTKTAFLFSGQGAQQLGMARDLYDQHESVKTTFDEASKALGYDLRALIDHDEEKLNETEYTQPAILTTSVAIMRLLNENGIKPDVVAGLSLGEYSALVASGIIDFQEAVKLVAKRGQYMTEAAPTGSGKMVAVMNTEPALIEEICQKASERGIVSPANYNTPAQIVIGGEVLAVDYAVELLKEAGVRKLIELKVSGPFHTAILKPASEKLALELDKINFKSFELPLISNTSAKVMQEDEVKALLTRQVMEPVRFYESVETMQKVGVTRFIEVGPGKVLSGFIKKIDKNAEFTNVCDVATFEALISQ,CCC(C)C(C(=O)NC(CC(=O)O)C(=O)NC(CC1=CC=C(C=C1)O)C(=O)NC(C(C)CC)C(=O)NC(CC(=O)N)C(=O)NCC(=O)O)NC(=O)C(C)NC(=O)C(C)NC(=O)C(CCC(=O)N)NC(=O)C(C(C)C)N,33411,1.853717685,1.856344461,1.859052539,1.863657713,1.875899553
ACOATA,A2RM32,Acetyl-CoA,MTFAKITQAAHYVPENVVSNDDLSKIMDTNDEWIYSRTGIKNRHISTGENTSDLATKVAKQLIENSGVDPELIDFIIVATVTPDSMMPSTAARVQAQVGATNAFAYDLTAACSGFVFALSTAEKLISSGAYQRGIVIGAEVFSKVIDWSDRSTAVLFGDGAAGVLLDNSGSQPLIIAEKMQTDGKRGGSLLSSYADIQTPFASVSYEGSNLSMEGRAIFDFAVRDVPKNIQATLEKSDLAAEEIDYYLLHQANSRILDKMAKKLGVTRDKFLQNMQEYGNTSAASIPILLSESVKNGIFSLDGQTKVVLTGFGGGLTWGTAIINL,CC(=O)SCCNC(=O)CCNC(=O)C(C(C)(C)COP(=O)(O)OP(=O)(O)OCC1C(C(C(O1)N2C=NC3=C(N=CN=C32)N)O)OP(=O)(O)O)O,34876,-0.01772511,-0.035014115,-0.052605934,-0.069932386,-0.087682158
ACOATA,A2RM32,Acyl carrier protein,MTFAKITQAAHYVPENVVSNDDLSKIMDTNDEWIYSRTGIKNRHISTGENTSDLATKVAKQLIENSGVDPELIDFIIVATVTPDSMMPSTAARVQAQVGATNAFAYDLTAACSGFVFALSTAEKLISSGAYQRGIVIGAEVFSKVIDWSDRSTAVLFGDGAAGVLLDNSGSQPLIIAEKMQTDGKRGGSLLSSYADIQTPFASVSYEGSNLSMEGRAIFDFAVRDVPKNIQATLEKSDLAAEEIDYYLLHQANSRILDKMAKKLGVTRDKFLQNMQEYGNTSAASIPILLSESVKNGIFSLDGQTKVVLTGFGGGLTWGTAIINL,CCC(C)C(C(=O)NC(CC(=O)O)C(=O)NC(CC1=CC=C(C=C1)O)C(=O)NC(C(C)CC)C(=O)NC(CC(=O)N)C(=O)NCC(=O)O)NC(=O)C(C)NC(=O)C(C)NC(=O)C(CCC(=O)N)NC(=O)C(C(C)C)N,34876,0.453473121,0.443912894,0.434042364,0.429736882,0.427147061
