rxn,uniprot_id,substrate,seq,smiles,mw,pred_log10kcat_T25.0,pred_log10kcat_T32.0,pred_log10kcat_T37.0,pred_log10kcat_T42.0,pred_log10kcat_T46.0,pred_log10kcat_T49.0
LCTSGALex,Q5M3K4,Lactose,MEKSKGQMKSRLSYAAGAFGNDVFYATLSTYFIMFVTTHLFNTGDPKQNSHYVLLITNIISILRILEVFIDPLIGNMIDNTNTKYGKFKPWVVGGGIISSITLLLLFTDLGGLNKTNPFLYLVLFGIIYLVMDVFYSIKDIGFWSMIPALSLDSHEREKMATFARIGSTIGANIVGVAIMPIVLFFSMTNNSGSGDKSGWFWFAFIVALIGVITSIAVGIGTREVESKIRDNNEKTSLKQVFKVLGQNDQLMWLSLGYWFYGLGINTLNALQLYYFTFILGDSGKYSILYGLNTVVGLVSVSLFPTLADKFNRKRLFYGCIAVMLGGIGIFSIAGTSLPIILTAAELFFIPQPLVFLVVFMIISDSVEYGQWKTGHRDESLTLSVRPLIDKLGGAMSNWLVSTFAVAAGMTTGASASTITTHQQFIFKLGMFAFPAATMLIGAFIVARKITLTEARHAKIVEELEHRFSVATSENEVKANVVSLVTPTTGYLVDLSSVNDEHFASGSMGKGFAIKPTDGAVFAPISGTIRQILPTRHAVGIESEDGVIVLIHVGIGTVKLNGEGFISYVEQGDHVEVGQKLLEFWSPIIEKNGLDDTVLVTVTNSEKFSAFHLEQKVGEKVEALSEVITFKKGE,C(C1C(C(C(C(O1)OC2C(OC(C(C2O)O)O)CO)O)O)O)O,69435,0.7516674995422363,0.8215667009353638,0.8646602630615234,0.9142515659332277,0.9594922065734864,0.9950541257858276
LCTSGALex,Q5M3K4,D-Galactose,MEKSKGQMKSRLSYAAGAFGNDVFYATLSTYFIMFVTTHLFNTGDPKQNSHYVLLITNIISILRILEVFIDPLIGNMIDNTNTKYGKFKPWVVGGGIISSITLLLLFTDLGGLNKTNPFLYLVLFGIIYLVMDVFYSIKDIGFWSMIPALSLDSHEREKMATFARIGSTIGANIVGVAIMPIVLFFSMTNNSGSGDKSGWFWFAFIVALIGVITSIAVGIGTREVESKIRDNNEKTSLKQVFKVLGQNDQLMWLSLGYWFYGLGINTLNALQLYYFTFILGDSGKYSILYGLNTVVGLVSVSLFPTLADKFNRKRLFYGCIAVMLGGIGIFSIAGTSLPIILTAAELFFIPQPLVFLVVFMIISDSVEYGQWKTGHRDESLTLSVRPLIDKLGGAMSNWLVSTFAVAAGMTTGASASTITTHQQFIFKLGMFAFPAATMLIGAFIVARKITLTEARHAKIVEELEHRFSVATSENEVKANVVSLVTPTTGYLVDLSSVNDEHFASGSMGKGFAIKPTDGAVFAPISGTIRQILPTRHAVGIESEDGVIVLIHVGIGTVKLNGEGFISYVEQGDHVEVGQKLLEFWSPIIEKNGLDDTVLVTVTNSEKFSAFHLEQKVGEKVEALSEVITFKKGE,C(C1C(C(C(C(O1)O)O)O)O)O,69435,1.1460096836090088,1.192203164100647,1.2192658185958862,1.2439230680465698,1.2666261196136477,1.2846378087997437
LACZ,Q5M3K5,Lactose,MNMTEKIQTYLNDPKIVSVNTVDAHSDHKYFESLEEFSEGEMKLRQSLNGKWKIHYAQNTNQVLKDFYKTEFDETDLNFINVPGHLELQGFGSPQYVNTQYPWDGKEFLRPPQVPQESNAVASYVKHFTLNDALKDKKVFISFQGVATSIFVWVNGNFVGYSEDSFTPSEFEISDYLVEGDNKLAVAVYRYSTASWLEDQDFWRLYGIFRDVYLYAIPKVHVQDLFVKGDYDYQTKAGQLDIDLKTVGDYEDKKIKYVLSDYEGIVTEGDASVNGDGELSVSLENLKIKPWSAESPKLYDLILHVLDDDQVVEVVPVKVGFRRFEIKDKLMLLNGKRIVFKGVNRHEFNARTGRCITEEDMLWDIKVMKQHNINAVRTSHYPNQTRWYELCDEYGLYVIDEANLETHGTWQKLGLCEPSWNIPASEPEWLPACLDRANNMFQRDKNHASVIIWSCGNESYAGKDIADMADYFRSVDNTRPVHYEGVAWCREFDYITDIESRMYAKPADIEEYLTTGKLVDLSSVSDKHFASGNLTNKPQKPYISCEYMHTMGNSGGGLQLYTDLEKYPEYQGGFIWDFIDQAIYKTLPNGSEFLSYGGDWHDRPSDYEFCGNGIVFADRTLTPKLQTVKHLYSNIKIAVDEKSVTIKNDNLFEDLSAYTFLARVYEDGRKVSESEYHFDVKPGEEATFPVNFVVEASNSEQIYEVACVLREATEWAPKGHEIVRGQYVVEKISTETPVKAPLNVVEGDFNIGIQGQNFSILLSRAQNTLVSAKYNGVEFIEKGPKLSFTRAYTDNDRGAGYPFEMAGWKVAGNYSKVTDTQIQIEDDSVKVTYVHELPGLSDVEVKVTYQVDYKGRIFVTANYDGKAGLPNFPEFGLEFAIGSQFTNLSYYGYGAEESYRDKLPGAYLGRYETSVEKTFAPYLMPQESGNHYGTREFTVSDDNHNGLKFTALNKAFEFSALRNSTEQIENARHQYELQESDATWIKVLAAQMGVGGDDTWGAPVHDEFLLSSADSYQLSFMIEPLN,C(C1C(C(C(C(O1)OC2C(OC(C(C2O)O)O)CO)O)O)O)O,117046,0.811745285987854,0.7979263067245483,0.790475606918335,0.8029030561447144,0.8175873756408691,0.828860878944397
GALM,Q8L2I1,D-Galactose,MKISCEIIGKVDSGDVSKISMENNNGVVISTLTTGATLQEFLVPTETGALKNIVLGFSDFEDYYKNNLCACQSIGRVAGRIGKASYTHNMVLYSLPKNEGENCLHGGPKGMQVQNWNYVTNLNDEYVETKFIRRLYSSVDGFPGDVTVSISYRLNNNNRLTILFEAFDVTESTIFNPTNHVYFNLSDKQDLSSHELQIYSDYRLELDSELIPTGQKINVDETNYDFRKTTDLLPRIEANNGFDDAFVVGGGTCDHVKEVAILHDKESGDGIEIFSNRNGLVIFTMDDIEDNIYFARDKGKMAKRREAIAMEAQTLPDAVNHKGFGDIILDKGHSVNYEIGFQYFNSSR,C(C1C(C(C(C(O1)O)O)O)O)O,39025,0.6496130228042603,0.6352543830871582,0.6373480558395386,0.642034649848938,0.6466770172119141,0.6496264934539795
GALK2,Q5M3K0,Alpha D galactose,MNTSQLREKFKEVFGVEADHTFFSPGRINLIGEHTDYNGGNVLPVAITLGTYGAARKRDDKVLRFFSANFEEKGIIEVPLENLRFEKEHNWTNYPKGVLHFLQEAGHTIDSGMDIYIYGNIPNGSGLSSSSSLELLIGVIVEKLYDIKLERLDLVKIGKQTENDFIGVNSGIMDQFAIGMGADQCAIYLDTNTLKYDLVPLDLKDNVVVIMNTNKRRELADSKYNERRAECETAVSELQEKLDIQTLGELDFLTFDAYSYLIKDENRIKRARHVVLENQRTLQARKALEAGDLEGFGRLMNASHVSLEYDYEVTGLELDTLAHTAWEQEGVLGARMTGAGFGGCAIALVNKDKVEDFKKAVGQRYEEVVGYAPSFYIAEVTGGSRVLD,C(C1C(C(C(C(O1)O)O)O)O)O,43420,2.6133005619049072,2.524044275283813,2.4616215229034424,2.399407148361206,2.3497464656829834,2.30896258354187
GALK2,Q5M3K0,ATP,MNTSQLREKFKEVFGVEADHTFFSPGRINLIGEHTDYNGGNVLPVAITLGTYGAARKRDDKVLRFFSANFEEKGIIEVPLENLRFEKEHNWTNYPKGVLHFLQEAGHTIDSGMDIYIYGNIPNGSGLSSSSSLELLIGVIVEKLYDIKLERLDLVKIGKQTENDFIGVNSGIMDQFAIGMGADQCAIYLDTNTLKYDLVPLDLKDNVVVIMNTNKRRELADSKYNERRAECETAVSELQEKLDIQTLGELDFLTFDAYSYLIKDENRIKRARHVVLENQRTLQARKALEAGDLEGFGRLMNASHVSLEYDYEVTGLELDTLAHTAWEQEGVLGARMTGAGFGGCAIALVNKDKVEDFKKAVGQRYEEVVGYAPSFYIAEVTGGSRVLD,C1=NC(=C2C(=N1)N(C=N2)C3C(C(C(O3)COP(=O)(O)OP(=O)(O)OP(=O)(O)O)O)O)N,43420,2.545124292373657,2.4780635833740234,2.4364140033721924,2.4007494449615483,2.376469850540161,2.357152938842773
GALT,Q5M3K1,Alpha-D-Galactose 1-phosphate,MAENLVNTFVTQVIENSDYEELDRIYLTNKVFTLVGEGVADVETDSSELIDLKDQLLQAGVKAGSVGELNEEQDIIGAQLMDLITPRPSVVNRNFWDTYKSNPEQAIADFYAQSKRNDYVKVKAIAQNIAYKAPTKYGDLEITINLSKPEKDPKAIAAAKNAVASDYPKCQLCMENEGYLGRINHPARSNHRVVRFQMEDKEWGFQYSPYAYFNEHSIFFYGKHEPMHISPLTFGRLLTIVEAFPGYFAGSNADLPIVGGSILTHEHYQGGRHTFPMEVAGIKEKVSFDGYSDVEAGIVNWPMSVLRLRSEDKERLIALATKILNCWRGYSDEKAGVLAESDGQPHHTITPIARRKDGKFELDLVLRDNQTSEEYPDGIYHPHKDVQHIKKENIGLIEVMGLAILPPRLKTELKDVEDYLLGQGNQVAPIHQEWADELKAQNPNITAEEVTEVVRQSVADIFARVLEDAGVYKTNNEGLDQFKAFVDFVNLAD,C(C1C(C(C(C(O1)OP(=O)(O)O)O)O)O)O,55500,1.52910578250885,1.5879884958267212,1.6298891305923462,1.672411322593689,1.7138274908065796,1.757107853889465
GALT,Q5M3K1,UTP,MAENLVNTFVTQVIENSDYEELDRIYLTNKVFTLVGEGVADVETDSSELIDLKDQLLQAGVKAGSVGELNEEQDIIGAQLMDLITPRPSVVNRNFWDTYKSNPEQAIADFYAQSKRNDYVKVKAIAQNIAYKAPTKYGDLEITINLSKPEKDPKAIAAAKNAVASDYPKCQLCMENEGYLGRINHPARSNHRVVRFQMEDKEWGFQYSPYAYFNEHSIFFYGKHEPMHISPLTFGRLLTIVEAFPGYFAGSNADLPIVGGSILTHEHYQGGRHTFPMEVAGIKEKVSFDGYSDVEAGIVNWPMSVLRLRSEDKERLIALATKILNCWRGYSDEKAGVLAESDGQPHHTITPIARRKDGKFELDLVLRDNQTSEEYPDGIYHPHKDVQHIKKENIGLIEVMGLAILPPRLKTELKDVEDYLLGQGNQVAPIHQEWADELKAQNPNITAEEVTEVVRQSVADIFARVLEDAGVYKTNNEGLDQFKAFVDFVNLAD,C1=CN(C(=O)NC1=O)C2C(C(C(O2)COP(=O)(O)OP(=O)(O)OP(=O)(O)O)O)O,55500,1.642033934593201,1.6055595874786377,1.5998011827468872,1.6057430505752563,1.6140624284744265,1.629799485206604
UDPG4E_f,Q8L2I2,UDPgalactose,MAILVLGGAGYIGSHMVDRLVEKGQEKVVVVDSLVTGHRAAVHPDAIFYQGDLSDQDFMRKVFKENPDVDAVIHFAAYSLVGESMEKPLKYFDNNTAGMIKLLEVMNECGVKYIVFSSTAATYGIPEEIPILETTPQNPINPYGESKLMMETIMKWSDQAYGIKYVPLRYFNVAGAKPDGSIGEDHDPETHLLPIILQVAQGVREKIMIFGDDYNTPDGTNVRDYVHPFDLADAHLLTVEYLRKGNESTALDLGSSTGFSNLQILEAACKVTGKEIPAEKADRLRGDPDILIASSEKARTVFGWKPQFDNIDNIIASAWAWHSNHPKGYDDRGLLK,C1=CN(C(=O)NC1=O)C2C(C(C(O2)COP(=O)(O)OP(=O)(O)OC3C(C(C(C(O3)CO)O)O)O)O)O,37223,0.2281765192747116,0.25310131907463074,0.32065853476524353,0.4192124903202057,0.4995967447757721,0.561877965927124
UDPG4E_r,Q8L2I2,UDPglucose,MAILVLGGAGYIGSHMVDRLVEKGQEKVVVVDSLVTGHRAAVHPDAIFYQGDLSDQDFMRKVFKENPDVDAVIHFAAYSLVGESMEKPLKYFDNNTAGMIKLLEVMNECGVKYIVFSSTAATYGIPEEIPILETTPQNPINPYGESKLMMETIMKWSDQAYGIKYVPLRYFNVAGAKPDGSIGEDHDPETHLLPIILQVAQGVREKIMIFGDDYNTPDGTNVRDYVHPFDLADAHLLTVEYLRKGNESTALDLGSSTGFSNLQILEAACKVTGKEIPAEKADRLRGDPDILIASSEKARTVFGWKPQFDNIDNIIASAWAWHSNHPKGYDDRGLLK,C1=CN(C(=O)NC1=O)C2C(C(C(O2)COP(=O)(O)OP(=O)(O)OC3C(C(C(C(O3)CO)O)O)O)O)O,37223,0.2281765341758728,0.2531014084815979,0.3206585645675659,0.4192125499248505,0.4995968341827393,0.5618780851364136
GALU_f,Q5M2J0,UDPglucose,MKNQKVRKAVIPAGGLGTRFLPATKALAKEMLPIVDKPTIQFIVEEALKSGIEDILVVTGKSKRSIEDHFDSNFELEYNLEQKGKTDLLKLVNDTTSINLHFIRQSHPRGLGDAVLQAKAFVGNEPFVVMLGDDLMDITNDKAVPLTKQLINDYEETHASTIAVMPVSSEEVSAYGVIAPQGKGENGRYSVETFVEKPNPEDAPSDLAIIGRYLLTPEIFGILENQEPGAGNEVQLTDAIDTLNKTQRVFARVFTGDRYDVGDKFGFMKTSIDYALKHPQIKDDLKQYLIELGHKLEGKPTKKG,C1=CN(C(=O)NC1=O)C2C(C(C(O2)COP(=O)(O)OP(=O)(O)OC3C(C(C(C(O3)CO)O)O)O)O)O,33628,0.4402121603488922,0.5269178152084351,0.5867236852645874,0.655129075050354,0.7228033542633057,0.7826260328292847
GALU_r,Q5M2J0,D-Glucose 1-phosphate,MKNQKVRKAVIPAGGLGTRFLPATKALAKEMLPIVDKPTIQFIVEEALKSGIEDILVVTGKSKRSIEDHFDSNFELEYNLEQKGKTDLLKLVNDTTSINLHFIRQSHPRGLGDAVLQAKAFVGNEPFVVMLGDDLMDITNDKAVPLTKQLINDYEETHASTIAVMPVSSEEVSAYGVIAPQGKGENGRYSVETFVEKPNPEDAPSDLAIIGRYLLTPEIFGILENQEPGAGNEVQLTDAIDTLNKTQRVFARVFTGDRYDVGDKFGFMKTSIDYALKHPQIKDDLKQYLIELGHKLEGKPTKKG,C(C1C(C(C(C(O1)OP(=O)(O)O)O)O)O)O,33628,0.9674867391586304,1.011001467704773,1.046261429786682,1.0872374773025513,1.1276253461837769,1.1603094339370728
PGMT_f,Q5M4U6,D-Glucose 1-phosphate,MSYTENYQKWLDFAELPAYLRDELVSMDEKTKEDAFYTNLEFGTAGMRGLIGAGTNRINIYVVRQATEGLAQLIDSKGEEAKKRGVAIAYDSRHFSPEFAFESAQVLAAHGIKSYVFESLRPTPELSFAVRHLHTFAGIMITASHNPAPFNGYKVYGEDGGQMPPADADALTDYIRAIDNPFTVKLADLEDSKASGLIEIIGENVDAEYLKEVKDVNINQDLINEYGRDMKIVYTSLHGTGEMLVRRALAQAGFDAVQVVEAQAVPHADFLTVKSPNPENQDAFALAEELGRNVDADVLVATDPDADRLGVEIRQPDGSYLNLSGNQIGAIIAKYILEAHKTAGTLPANAALCKSIVSTELVTKIAESYGATMFNVLTGFKFIGEKIHEFETQHNYTYMFGFEESFGYLIKPFVRDKDAIQAVLIVAEIAAYYRSRGMTLADGIEEIYKQYGYFSEKTISVTLSGVDGAAEIKKIMDKFRRNAPKQFNNTDIAKTEDFLEQTATTADGVEKLTTPPSNVLKYILADDSWFAVRPSGTEPKIKFYIATVGETEADAKEKIANIEAEINAFVGE,C(C1C(C(C(C(O1)OP(=O)(O)O)O)O)O)O,63123,0.743097186088562,0.6810398101806641,0.6548607349395752,0.6277065277099609,0.6091346740722656,0.5995864868164062
PGMT_r,Q5M4U6,D-Glucose 6-phosphate,MSYTENYQKWLDFAELPAYLRDELVSMDEKTKEDAFYTNLEFGTAGMRGLIGAGTNRINIYVVRQATEGLAQLIDSKGEEAKKRGVAIAYDSRHFSPEFAFESAQVLAAHGIKSYVFESLRPTPELSFAVRHLHTFAGIMITASHNPAPFNGYKVYGEDGGQMPPADADALTDYIRAIDNPFTVKLADLEDSKASGLIEIIGENVDAEYLKEVKDVNINQDLINEYGRDMKIVYTSLHGTGEMLVRRALAQAGFDAVQVVEAQAVPHADFLTVKSPNPENQDAFALAEELGRNVDADVLVATDPDADRLGVEIRQPDGSYLNLSGNQIGAIIAKYILEAHKTAGTLPANAALCKSIVSTELVTKIAESYGATMFNVLTGFKFIGEKIHEFETQHNYTYMFGFEESFGYLIKPFVRDKDAIQAVLIVAEIAAYYRSRGMTLADGIEEIYKQYGYFSEKTISVTLSGVDGAAEIKKIMDKFRRNAPKQFNNTDIAKTEDFLEQTATTADGVEKLTTPPSNVLKYILADDSWFAVRPSGTEPKIKFYIATVGETEADAKEKIANIEAEINAFVGE,C(C(C(C(C(C=O)O)O)O)O)OP(=O)(O)O,63123,0.2523893117904663,0.2274108827114105,0.21588408946990967,0.2091287970542908,0.20371034741401672,0.21103817224502566
HEX1,Q5M4Y5,D-Glucose,MSKKLLGIDLGGTTVKFGILTADGEVQEKWAIETNTFENGSHIVPDIVESLKHRLELYGLTAEDFIGIGMGSPGAVDRENKTVTGAFNLNWAETQEVGSVIEKELGIPFAIDNDANVAALGERWVGAGANNRNVVFITLGTGVGGGVIADGNLIHGVAGAGGEIGHIIVEPDTGFECTCGNKGCLETVASATGIVRVAHHLAEKYEGNSSIKAAVDNGEFVTSKDIIVAATEGDKFADSIVDKVSKYLGLATANISNILNPDSVVIGGGVSAAGEFLRSRVEGYFTRYAFPQVRRTTKVKLAELGNDAGIIGAASLAYSIDK,C(C1C(C(C(C(O1)O)O)O)O)O,33583,1.7294446229934692,1.6781960725784302,1.6515105962753296,1.6287835836410522,1.6244546175003052,1.625902771949768
HEX1,Q5M4Y5,ATP,MSKKLLGIDLGGTTVKFGILTADGEVQEKWAIETNTFENGSHIVPDIVESLKHRLELYGLTAEDFIGIGMGSPGAVDRENKTVTGAFNLNWAETQEVGSVIEKELGIPFAIDNDANVAALGERWVGAGANNRNVVFITLGTGVGGGVIADGNLIHGVAGAGGEIGHIIVEPDTGFECTCGNKGCLETVASATGIVRVAHHLAEKYEGNSSIKAAVDNGEFVTSKDIIVAATEGDKFADSIVDKVSKYLGLATANISNILNPDSVVIGGGVSAAGEFLRSRVEGYFTRYAFPQVRRTTKVKLAELGNDAGIIGAASLAYSIDK,C1=NC(=C2C(=N1)N(C=N2)C3C(C(C(O3)COP(=O)(O)OP(=O)(O)OP(=O)(O)O)O)O)N,33583,1.95122230052948,1.901425004005432,1.8945070505142207,1.90679931640625,1.9440592527389529,2.0044209957122803
PGI,Q8VVB7,D-Glucose 6-phosphate,MAHIKFDYSKVLDKFVAPHEVDNLQAQVTVADEMIRKGTGPGADFLGWRDLPENYDREEFDRILKAAEKIKEESDVLVVIGIGGSYLGAKAAIDFLSNHFANLQTKEERKAPQIVYAGNSISSTYLADLLEYVEGKDFSVNVISKSGTTTEPAIAFRLFKELLVKKYGQEEANKRIYATTDRQKGAVKVEADANGWETFVVPDDIGGRFSVLTAVGLLPIAVSGADIKALMEGANAARKEYSSSKISENEAYQYAAIRNILYRKGYTTEILANYEPSLQYFAEWWKQLAGESEGKDQRGIYPTSANFSTDLHSLGQFIQEGTRNLFETVVRVDKPRKNVVIPELAEDLDGLGYLQGKDVDFVNKKATDGVLLAHTDGDVPNMFITIPEQDAFTLGYIIYFFELAIALSGYLNAVNPFNQPGVEAYKKNMFALLGKPGFEELGAELNARL,C(C(C(C(C(C=O)O)O)O)O)OP(=O)(O)O,49789,0.5253181457519531,0.5285254716873169,0.5265620946884155,0.5217885375022888,0.5190736055374146,0.5176550149917603
PFK,Q5M410,D-Fructose 6-phosphate,MCYNENVKYIKGVSGIMKRIAVLTSGGDAPGMNAAVRAVVLKAISEGIEVFGINRGYAGMVEGDIFKLDAKRVENILSRGGTFLQSARYPEFAQLEGQLKGIEQLKKYGIEGVVVIGGDGSYHGAMRLTEHGFPAVGLPGTIDNDIVGTDYTIGFDTAVATATEALDKIQDTAFSHGRTFVVEVMGRNAGDIALWAGIASGADQIIVPEEEYDINEVVRKVKEGYESGEKSHHIIVLAEGVMGAEEFAAKMKEAGDTSDLRATNLGHVIRGGSPTARDRVLASWMGAHAVDLLKEGIGGVAVGIHNEQLVESPILGTAEEGALFSLTEDGKIIVNNPHKARLDFAELNRSLANLK,C(C(C(C(C(=O)CO)O)O)O)OP(=O)(O)O,37782,1.6672857999801636,1.5892040729522705,1.5344302654266355,1.477881908416748,1.4419786930084229,1.4189594984054563
PFK,Q5M410,ATP,MCYNENVKYIKGVSGIMKRIAVLTSGGDAPGMNAAVRAVVLKAISEGIEVFGINRGYAGMVEGDIFKLDAKRVENILSRGGTFLQSARYPEFAQLEGQLKGIEQLKKYGIEGVVVIGGDGSYHGAMRLTEHGFPAVGLPGTIDNDIVGTDYTIGFDTAVATATEALDKIQDTAFSHGRTFVVEVMGRNAGDIALWAGIASGADQIIVPEEEYDINEVVRKVKEGYESGEKSHHIIVLAEGVMGAEEFAAKMKEAGDTSDLRATNLGHVIRGGSPTARDRVLASWMGAHAVDLLKEGIGGVAVGIHNEQLVESPILGTAEEGALFSLTEDGKIIVNNPHKARLDFAELNRSLANLK,C1=NC(=C2C(=N1)N(C=N2)C3C(C(C(O3)COP(=O)(O)OP(=O)(O)OP(=O)(O)O)O)O)N,37782,1.6678138971328735,1.6111401319503784,1.5857536792755127,1.5548429489135742,1.5339611768722534,1.5246621370315552
FBA,Q5M2E1,"D-Fructose 1,6-bisphosphate",MAIVSAEKFVQSARDNGYALGGFNTNNLEWTQAILRAAEAKKAPVLIQTSMGAAKYMGGYKLCKALIEELVESMGITVPVAIHLDHGHYDDALECIEVGYTSIMFDGSHLPIEENLKLAKEVVEKAHAKGISVEAEVGTIGGEEDGIVGRGELAPIEDAKAMVATGVDFLAAGIGNIHGPYPENWEGLDLDHLQKLTEAIPGFPIVLHGGSGIPDDQIQEAIKLGVAKVNVNTECQIAFANATRKFVAEYEANEAEYDKKKLFDPRKFLKPGFEAITEAVEERIDVFGSANKA,C(C1C(C(C(O1)(COP(=O)([O-])[O-])O)O)O)OP(=O)([O-])[O-],31555,0.39625731110572815,0.43792685866355896,0.4807461500167847,0.535125195980072,0.5885447263717651,0.6324756145477295
TPI,Q8VVC1,Dihydroxyacetone phosphate,MSRKPFIAGNWKMNKNPEEAKAFVEAVASKLPSADLVEAGIAVPAVDLTTVIAAAKGSNLKVAAQNTYFENSGAFTGETSPQVLKEIGTDYVVIGHSERRDYFHETDEDINKKAKAIFANGMIPIICCGESLETYEAGKAAEFVGAQVSAALAGLTPEQVASSVIAYEPIWAIGTGKSASQDDAQKMCKVVRDVVAADFGQEVADKVRVLYGGSVKPENVAEYMACPDVDGALVGGASLEPESFLALLDFVK,C(C(=O)COP(=O)(O)O)O,26629,0.7649378776550293,0.6951919794082642,0.6447612047195435,0.5793349742889404,0.5216612219810486,0.4750054478645325
GAPD,Q5M2M7,Glyceraldehyde 3-phosphate,MIFIRRKSLMVVKVGINGFGRIGRLAFRRIQNVEGVEVTRINDLTDPVMLAHLLKYDTTQGRFDGTVELKDGGFEVNGKFVKVSAERDPEQIDWANDGVEIVLEATGFFTKKVLAEKHLHPGGAKKVVITAPGGNDVKTIVFNTNHDILDGTETVISGASCTTNCLAPMAKALNDNFGIVEGLMTTIHAYTGDQMILDGPHRGGDLRRARAGAANIVPNSTGAAKAIGLVIPELNGKLDGSAQRVPVPTGSVTELVAVCEKNVTVDEVNAAMKAATNESYGYTEDPIVSSDIVGMSYGSLFDATQTKVLDVDGKQLVKVVSWYDNEMSYTSQLVRTLEYFAKIAK,C(C(C=O)O)OP(=O)(O)O,37194,-0.1832691729068756,-0.17056411504745486,-0.13804106414318085,-0.09959983825683594,-0.07162471115589142,-0.050154633820056915
GAPD,Q5M2M7,NAD,MIFIRRKSLMVVKVGINGFGRIGRLAFRRIQNVEGVEVTRINDLTDPVMLAHLLKYDTTQGRFDGTVELKDGGFEVNGKFVKVSAERDPEQIDWANDGVEIVLEATGFFTKKVLAEKHLHPGGAKKVVITAPGGNDVKTIVFNTNHDILDGTETVISGASCTTNCLAPMAKALNDNFGIVEGLMTTIHAYTGDQMILDGPHRGGDLRRARAGAANIVPNSTGAAKAIGLVIPELNGKLDGSAQRVPVPTGSVTELVAVCEKNVTVDEVNAAMKAATNESYGYTEDPIVSSDIVGMSYGSLFDATQTKVLDVDGKQLVKVVSWYDNEMSYTSQLVRTLEYFAKIAK,C1=CC(=C[N+](=C1)C2C(C(C(O2)COP(=O)([O-])OP(=O)(O)OCC3C(C(C(O3)N4C=NC5=C(N=CN=C54)N)O)O)O)O)C(=O)N,37194,-0.18795666098594666,-0.1396109163761139,-0.10963308811187744,-0.0814695954322815,-0.05484244972467423,-0.034560412168502815
GAPD,Q5M2M7,Phosphate,MIFIRRKSLMVVKVGINGFGRIGRLAFRRIQNVEGVEVTRINDLTDPVMLAHLLKYDTTQGRFDGTVELKDGGFEVNGKFVKVSAERDPEQIDWANDGVEIVLEATGFFTKKVLAEKHLHPGGAKKVVITAPGGNDVKTIVFNTNHDILDGTETVISGASCTTNCLAPMAKALNDNFGIVEGLMTTIHAYTGDQMILDGPHRGGDLRRARAGAANIVPNSTGAAKAIGLVIPELNGKLDGSAQRVPVPTGSVTELVAVCEKNVTVDEVNAAMKAATNESYGYTEDPIVSSDIVGMSYGSLFDATQTKVLDVDGKQLVKVVSWYDNEMSYTSQLVRTLEYFAKIAK,[O-]P(=O)([O-])[O-],37194,-0.9492181539535522,-0.9245177507400512,-0.91235089302063,-0.8880234956741333,-0.8623238801956177,-0.8212589025497437
PGK,Q8VVB6,3-Phospho-D-glyceroyl phosphate,MAKLTVKDVELKGKKVLVRVDFNVPVKDGVITNDNRITAALPTIKYILEQGGRAILFSHLGRVKEEADKEGKSLAPVAADLAAKLGQDVKFIPGVTRGAELEAAVNSLEDGQVLLVENTRFEDVDGKKESKNDPELGKYWASLGDGIFVNDAFGTAHRAHASNVGISANVEKAVAGFLLENEIAYIQEAVENPERPFVAILGGSKVSDKIGVIENLLEKADKVLIGGGMTYTFFKAQGIEIGNSLVEEDKLDVAKALLEKSNGKLILPVDSKEANAFADYTEVKYTEGEAVDPGFLGLDIGPKSIAKFDEALTGAKTVVWNGPMGVFENPDFQAGTIGVMDAIVKQPGVKSIIGGGDSAAAAINLGYADKFSWISTGGGASMELLEGKELPGLAALTEK,C(C(C(=O)OP(=O)(O)O)O)OP(=O)(O)O,42233,1.5565856695175169,1.5270994901657104,1.5432928800582886,1.5684195756912231,1.5876106023788452,1.6084972620010376
PGK,Q8VVB6,ADP,MAKLTVKDVELKGKKVLVRVDFNVPVKDGVITNDNRITAALPTIKYILEQGGRAILFSHLGRVKEEADKEGKSLAPVAADLAAKLGQDVKFIPGVTRGAELEAAVNSLEDGQVLLVENTRFEDVDGKKESKNDPELGKYWASLGDGIFVNDAFGTAHRAHASNVGISANVEKAVAGFLLENEIAYIQEAVENPERPFVAILGGSKVSDKIGVIENLLEKADKVLIGGGMTYTFFKAQGIEIGNSLVEEDKLDVAKALLEKSNGKLILPVDSKEANAFADYTEVKYTEGEAVDPGFLGLDIGPKSIAKFDEALTGAKTVVWNGPMGVFENPDFQAGTIGVMDAIVKQPGVKSIIGGGDSAAAAINLGYADKFSWISTGGGASMELLEGKELPGLAALTEK,C1=NC(=C2C(=N1)N(C=N2)C3C(C(C(O3)COP(=O)(O)OP(=O)(O)O)O)O)N,42233,1.860281229019165,1.794809103012085,1.7488094568252563,1.703356385231018,1.669718861579895,1.6446276903152466
PGM,Q5M513,3-Phospho-D-glycerate,MRLYFVRHGKTQWNLEGRLQGSKGDSPLLKESIEQVSELGHYLSDTHFDLVLSSDLPRAKKTTELIMESQKTKAKITYTKDLREWQLGKLEGQKLSIIQAIYPKEMDAFRHNLANFRANNFQAESVYHTTKRVADLVRTLKDSSMKNVLLVGHGANLTASIRSLLGFEPGLLRKAGGLDNASVTILETDDCEHFTLKSWNDTSYRTQVNKIS,C(C(C(=O)O)O)OP(=O)(O)O,24055,-0.1388430893421173,-0.1538192331790924,-0.16529163718223572,-0.17296817898750305,-0.17654728889465332,-0.1770244687795639
PGM,Q8VVB5,3-Phospho-D-glycerate,MVKLVFARHGESEWNKANLFTGWADVDLSEKGTQQAIDAGKLIKEAGIEFDKAYTSVLKRAIKTTNLALEASDQLWVPVEKSWRLNERHYGGLTGKNKAEAAEQFGDEQVHIWRRSYDVLPPKMDRDDEYSAHKDRRYASLDDSVIPDAENLKVTLERALPFWEDKIAPALKDGKNVFVGAHGNSIRALVKHIKKLSDDEIMDVEIPNFPPLVFEFDEKLNVVSEYYLGK,C(C(C(=O)O)O)OP(=O)(O)O,26190,2.409584045410156,2.4769418239593506,2.524918556213379,2.572565793991089,2.609760999679565,2.633272886276245
ENO,Q5M561,D-Glycerate 2-phosphate,MSIITDVYAREVLDSRGNPTLEVEVYTESGAFGRGMVPSGASTGEHEAVELRDGDKARYGGLGTQKAVDNVNNVIAEHIIGFDVRDQQGIDRAMIALDGTPNKGKLGANAILGVSIAVARAAADYLEVPLYSYLGGFNTKVLPTPMMNIINGGSHSDAPIAFQEFMIVPAGAPTFKEALRWGAEIFHALKKILKERGLETAVGDEGGFAPRFDGTEDGVETIIKAIEAAGYVPGKDVFIGLDCASSEFYDAERKVYDYTKFEGEGAAVRTAAEQIDYLEELVNKYPIITIEDGMDENDWDGWKALTERLGDKVQLVGDDFFVTNTAYLEKGIAEHAANSILIKVNQIGTLTETFDAIEMAKEAGYTAVVSHRSGETEDSTIADIAVATNAGQIKTGSLSRTDRIAKYNQLLRIEDQLGEVAEYRGLKSFYNLKK,C(C(C(=O)O)OP(=O)(O)O)O,47036,1.6259536743164062,1.7119793891906738,1.7750695943832395,1.837595820426941,1.8810769319534304,1.9112912416458132
PYK,Q5M411,Phosphoenolpyruvate,MLIRRKSDNKYKGVLYIMNKRVKIVATLGPAVEIRGGKKFGEDGYWSEKLDPDASAKNIAQLIEEGANVFRFNFSHGNHAEQGERMDVVRMAESIAGQKVGFLLDTKGPEIRTELFEGDAKEYAYKTGEQIRIATKQGLKSTRDVIALNVAGALDIFDDVEVGKQVLVDDGKLGLRVVDKDAEKREFIVEVENDGIIAKQKGVNIPYTKIPFPALAERDNADIRFGLEQGINFIAISFVRTAKDVQEVRAICEETGNGHVKLLAKIENQQGIDNIDEIIEAADGIMIARGDMGIEVPFEMVPVYQKMIITKVNAAGKIVVTATNMLETMTEKPRATRSEVSDVFNAVIDGTDATMLSGESANGKYPVESVRTMATINKNAQTLLKEYGRLNSSTFDRSSKTEVVASAVKDATNSMNIKLIVALTESGNTARLISKYRPEADILAITFDELTQKSLMLNWGVIPVVTETPSSTDDMFEVAERVALESGLVESGDNIVIVAGVPVGSGNTNTMRIRTVK,C=C(C(=O)O)OP(=O)(O)O,56591,0.646696925163269,0.6987088918685913,0.7517480850219727,0.8029268980026245,0.8536602258682251,0.8939043283462524
PYK,Q5M411,ADP,MLIRRKSDNKYKGVLYIMNKRVKIVATLGPAVEIRGGKKFGEDGYWSEKLDPDASAKNIAQLIEEGANVFRFNFSHGNHAEQGERMDVVRMAESIAGQKVGFLLDTKGPEIRTELFEGDAKEYAYKTGEQIRIATKQGLKSTRDVIALNVAGALDIFDDVEVGKQVLVDDGKLGLRVVDKDAEKREFIVEVENDGIIAKQKGVNIPYTKIPFPALAERDNADIRFGLEQGINFIAISFVRTAKDVQEVRAICEETGNGHVKLLAKIENQQGIDNIDEIIEAADGIMIARGDMGIEVPFEMVPVYQKMIITKVNAAGKIVVTATNMLETMTEKPRATRSEVSDVFNAVIDGTDATMLSGESANGKYPVESVRTMATINKNAQTLLKEYGRLNSSTFDRSSKTEVVASAVKDATNSMNIKLIVALTESGNTARLISKYRPEADILAITFDELTQKSLMLNWGVIPVVTETPSSTDDMFEVAERVALESGLVESGDNIVIVAGVPVGSGNTNTMRIRTVK,C1=NC(=C2C(=N1)N(C=N2)C3C(C(C(O3)COP(=O)(O)OP(=O)(O)O)O)O)N,56591,0.4879615604877472,0.5023728609085083,0.505711555480957,0.5304824113845825,0.5587025880813599,0.5907365083694458
LDH_L,Q5M3T6,Pyruvate,MTATKLHKKVILVGDGAVGSSYAFALVNQGIAQELGIIEIPQLFEKAVGDALDLSHALPFTSPKKIYAAKYEDCADADLVVITAGAPQKPGETRLDLVGKNLAINKSIVTQVVESGFNGIFLVAANPVDVLTYSTWKFSGFPKERVIGSGTSLDSARFRQALAEKLNVDARSVHAYIMGEHGDSEFAVWSHANIAGVNLEEFLKDEENVQEAELVELFEGVRDAAYTIINKKGATYYGIAVALARITKAILDDENAVLPLSVFQEGQYGVNNIFIGQPAIVGAHGIVRPVNIPLNDAEQQKMKASADELQAIIDEAWKNPEFQEASKN,CC(=O)C(=O)[O-],35429,2.5322301387786865,2.5367672443389893,2.541098117828369,2.545337677001953,2.54888653755188,2.5514440536499023
LDH_L,Q5M3T6,NADH,MTATKLHKKVILVGDGAVGSSYAFALVNQGIAQELGIIEIPQLFEKAVGDALDLSHALPFTSPKKIYAAKYEDCADADLVVITAGAPQKPGETRLDLVGKNLAINKSIVTQVVESGFNGIFLVAANPVDVLTYSTWKFSGFPKERVIGSGTSLDSARFRQALAEKLNVDARSVHAYIMGEHGDSEFAVWSHANIAGVNLEEFLKDEENVQEAELVELFEGVRDAAYTIINKKGATYYGIAVALARITKAILDDENAVLPLSVFQEGQYGVNNIFIGQPAIVGAHGIVRPVNIPLNDAEQQKMKASADELQAIIDEAWKNPEFQEASKN,C1C=CN(C=C1C(=O)N)C2C(C(C(O2)COP(=O)(O)OP(=O)(O)OCC3C(C(C(O3)N4C=NC5=C(N=CN=C54)N)O)O)O)O,35429,2.265864372253418,2.32849383354187,2.373031616210937,2.432946920394897,2.4844286441802983,2.5281598567962646
PFL,Q5M2Y4,Pyruvate,MATVKTNTDVFEKAWEGFKGTDWKEKASVSRFVQANYTPYDGDESFLAGPTERSLKIKKIIEETKAHYEETRFPMDTRPTSIADIPAGYISKDDELIYGIQNDELFKLNFMPKGGIRMAETALKEHGYEPDPAVHEIFTKHVTTVNDGIFRAYTSNIRRARHAHTITGLPDAYSRGRIIGVYARLALYGADFLMQEKVNDWNSIEEINEETIRLREEVNLQYQALQDVVRLGDLYGVDVRRPAFDTKEAIQWTNIAFMAVCRVINGAATSLGRVPIVLDIYAERDLARGTYTESEIQEFVDDFVLKLRTVKFARTKAYDELYSGDPTFITTSMAGMGADGRHRVTKMDYRFLNTLDNIGNAPEPNLTVLWSDKLPYSFRRYCMHMSHKHSSIQYEGVTTMAKDGYGEMSCISCCVSPLDPENEEQRHNIQYFGARVNVLKALLTGLNGGYDDVHKDYKVFDIDPVRDEVLDFDTVKANFEKSLDWLTDTYVDALNIIHYMTDKYNYEAVQMAFLPTKQRANMGFGICGFANTVDTLSAIKYATVKPIRDEDGYIYDYETIGEYPRWGEDDPRSNELAEWLIEAYTTRLRSHKLYKDAEATVSLLTITSNVAYSKQTGNSPVHKGVYLNEDGSVNLSKLEFFSPGANPSNKAKGGWLQNLNSLASLDFGYAADGISLTTQVSPRALGKTRDEQVDNLVTILDGYFENGGQHLNLNVMDLSAVYKKIMSGEDVIVRISGYCVNTKYLTPEQKTELTQRVFHEVLSTDDAMG,CC(=O)C(=O)[O-],87026,2.1271100044250493,2.1039206981658936,2.0883305072784424,2.0812005996704097,2.0764315128326416,2.0724897384643555
PFL,Q5M2Y4,Coenzyme A,MATVKTNTDVFEKAWEGFKGTDWKEKASVSRFVQANYTPYDGDESFLAGPTERSLKIKKIIEETKAHYEETRFPMDTRPTSIADIPAGYISKDDELIYGIQNDELFKLNFMPKGGIRMAETALKEHGYEPDPAVHEIFTKHVTTVNDGIFRAYTSNIRRARHAHTITGLPDAYSRGRIIGVYARLALYGADFLMQEKVNDWNSIEEINEETIRLREEVNLQYQALQDVVRLGDLYGVDVRRPAFDTKEAIQWTNIAFMAVCRVINGAATSLGRVPIVLDIYAERDLARGTYTESEIQEFVDDFVLKLRTVKFARTKAYDELYSGDPTFITTSMAGMGADGRHRVTKMDYRFLNTLDNIGNAPEPNLTVLWSDKLPYSFRRYCMHMSHKHSSIQYEGVTTMAKDGYGEMSCISCCVSPLDPENEEQRHNIQYFGARVNVLKALLTGLNGGYDDVHKDYKVFDIDPVRDEVLDFDTVKANFEKSLDWLTDTYVDALNIIHYMTDKYNYEAVQMAFLPTKQRANMGFGICGFANTVDTLSAIKYATVKPIRDEDGYIYDYETIGEYPRWGEDDPRSNELAEWLIEAYTTRLRSHKLYKDAEATVSLLTITSNVAYSKQTGNSPVHKGVYLNEDGSVNLSKLEFFSPGANPSNKAKGGWLQNLNSLASLDFGYAADGISLTTQVSPRALGKTRDEQVDNLVTILDGYFENGGQHLNLNVMDLSAVYKKIMSGEDVIVRISGYCVNTKYLTPEQKTELTQRVFHEVLSTDDAMG,CC(C)(COP(=O)(O)OP(=O)(O)OCC1C(C(C(O1)N2C=NC3=C(N=CN=C32)N)O)OP(=O)(O)O)C(C(=O)NCCC(=O)NCCS)O,87026,1.2827210426330566,1.2504074573516846,1.2313097715377808,1.2347913980484009,1.2478170394897459,1.2603031396865845
PDH,Q5M4C4,Pyruvate,MVKLSKETHLEMFTKMERIREFDSRINKLVRRGFVQGMTHFSVGEEAANVGAVQHLSYDDIFFSNHRGHGQSIAQDMDLNKMMAELAGKATGVSKGRGGSMHLADFEKGNYGTNGIVGGGYALAVGAALTQQYKETGNIVVAFSGDGATNEGSFHESVNMAATWKLPVIFFIINNRYGISMDIRRATNTPHLYTRAEAYGIPGFYCEDGNDVMAVYDTMGKAVDHVRGGNGPAIVEVESYRWFGHSTADAGVYRTKEEVDEWKNNNDPIIRYRDYLVSENIASVEELDAIQSQVKAQVDAAYEFAKNSPDPELSVAFEDVWVD,CC(=O)C(=O)[O-],35726,-0.4277695715427399,-0.4302532970905304,-0.42725905776023865,-0.4243727922439575,-0.422320693731308,-0.4205532371997833
PDH,Q5M4C4,Coenzyme A,MVKLSKETHLEMFTKMERIREFDSRINKLVRRGFVQGMTHFSVGEEAANVGAVQHLSYDDIFFSNHRGHGQSIAQDMDLNKMMAELAGKATGVSKGRGGSMHLADFEKGNYGTNGIVGGGYALAVGAALTQQYKETGNIVVAFSGDGATNEGSFHESVNMAATWKLPVIFFIINNRYGISMDIRRATNTPHLYTRAEAYGIPGFYCEDGNDVMAVYDTMGKAVDHVRGGNGPAIVEVESYRWFGHSTADAGVYRTKEEVDEWKNNNDPIIRYRDYLVSENIASVEELDAIQSQVKAQVDAAYEFAKNSPDPELSVAFEDVWVD,CC(C)(COP(=O)(O)OP(=O)(O)OCC1C(C(C(O1)N2C=NC3=C(N=CN=C32)N)O)OP(=O)(O)O)C(C(=O)NCCC(=O)NCCS)O,35726,-0.5569002628326416,-0.6334843635559082,-0.6760532855987549,-0.716556191444397,-0.7410335540771484,-0.756312370300293
PDH,Q5M4C7,NAD,MAFEIIMPKLGVDMQEGEIIEWKKQEGDVVNEGDILLEIMSDKTNMELEAEDSGILLKITRQAGETVPVTEVIGYIGAEGEVVADNSTSAPAAEATAQLEAAGLEVPKAPSQPSPATAEKAALADNEYDIVVVGGGPAGYYAAIRGAQLGGKVAIVEKSEFGGTCLNKGCIPTKTYLKNAEILDGLKIAAGRGINLASTNYTIDMDKTVDFKNSVVKTLTGGVQGLLKANKVTIFNGLGQVNPDKTVTIGSETIKGRNIILATGSKVSRIDIPGIDSQLVMTSDDILDLRELPKSLAVMGGGVVGIELGLVYASYGVDVTVVEMADRIIPAMDKEVSLELQKILSKKGMKIMTSVGVSEIVEGNNQLTLKLNNGEEIVAERALLSIGRVPQLNGLENLNLELDRGRIKVNEYQETSIPGIYAPGDVNGTKMLAHAAYRMGEVAAENAMHGNVRKAHLDYTPAAVYTHPEVAMCGLTEEDARAKYGDVLIGKSSFAGNGRAIASNEAHGFVKVVADAKYHEILGVHIIGPAAAELINEAATIMENELTVDELLQSIHGHPTFSENMYEAFADVLGEAVHNPPKRK,C1=CC(=C[N+](=C1)C2C(C(C(O2)COP(=O)([O-])OP(=O)(O)OCC3C(C(C(O3)N4C=NC5=C(N=CN=C54)N)O)O)O)O)C(=O)N,62017,0.10169455409049988,0.13010811805725098,0.13505293428897858,0.1340855211019516,0.1424074023962021,0.1576364040374756
PTAr,Q5M3G9,Acetyl-CoA,MHSLFGELREHISGKGVRIVFPEGNDDRVVRAAARLKFEELVDPIILGDPTEVHKILNDLGFVDFNCTIINPETYEGFEEMKEKFVEVRKGKATIEDADKLLRDVNYFGVMLVKLGLADGMVSGAIHSTADTVRPALQIIKTKPGISCTSGVFLMNREDTNHRLMFADCAINIEPNSQELAEIAINTAETAKVFGIDPKVAMLSFSTKGSAKSPKVDRVVQATNIAKEMRPDLAIDGELQFDAAFVPATAAIKAPDSDVAGQANVFVFPCLQAGNIGYKIAQRLGMFEAIGPILQGLNKPVNDLSRGASAEDIYNLAIITAAQALNN,CC(=O)SCCNC(=O)CCNC(=O)C(C(C)(C)COP(=O)(O)OP(=O)(O)OCC1C(C(C(O1)N2C=NC3=C(N=CN=C32)N)O)OP(=O)(O)O)O,35449,-0.019706755876541138,-0.0906524658203125,-0.13505680859088898,-0.18360307812690732,-0.2205677330493927,-0.24599429965019226
PTAr,Q5M3G9,Phosphate,MHSLFGELREHISGKGVRIVFPEGNDDRVVRAAARLKFEELVDPIILGDPTEVHKILNDLGFVDFNCTIINPETYEGFEEMKEKFVEVRKGKATIEDADKLLRDVNYFGVMLVKLGLADGMVSGAIHSTADTVRPALQIIKTKPGISCTSGVFLMNREDTNHRLMFADCAINIEPNSQELAEIAINTAETAKVFGIDPKVAMLSFSTKGSAKSPKVDRVVQATNIAKEMRPDLAIDGELQFDAAFVPATAAIKAPDSDVAGQANVFVFPCLQAGNIGYKIAQRLGMFEAIGPILQGLNKPVNDLSRGASAEDIYNLAIITAAQALNN,[O-]P(=O)([O-])[O-],35449,-0.8082932233810425,-0.8647704124450684,-0.891297459602356,-0.8841944932937622,-0.8714228868484497,-0.8597582578659058
ACKr,Q5M2G6,Acetyl phosphate,MKAFYKEVLMTKTIAINAGSSSLKWQLYEMPEEVVLAKGLIERIGLRDSVSTVKFADHSESQTLDIADHVQAVKILLDDLIRFDIIKSYDEITGVGHRVVAGGEYFKESSLVDEYALAKIEELSALAPLHNPGAASGIRAFKELLPDITSVAVFDTAFHTSMPEVAYRYPVPNRYYTDYQVRKYGAHGTSHQYVSQEAAKLLGKPIEETKIITAHVGNGVSITAVDGGKSVDTSMGLTPLGGVMMGTRTGDLDPAIIPFIIDREPDMADAERIRHVFNKESGLLGISEKSSDMRDIIAGKEAGDEKCTLAYDLYVDRLRKYIAQYFGVMNGADAIVFTAGIGENSADVRASVLDGLTWFGIEVDPEKNVFGRVGDITTADSAVKVFVIPTDEELVIARDVERLKTK,CC(=O)OP(=O)(O)O,44452,2.424685001373291,2.4452097415924072,2.4640042781829834,2.4874255657196045,2.512904405593872,2.5357897281646733
ACKr,Q5M2G6,ADP,MKAFYKEVLMTKTIAINAGSSSLKWQLYEMPEEVVLAKGLIERIGLRDSVSTVKFADHSESQTLDIADHVQAVKILLDDLIRFDIIKSYDEITGVGHRVVAGGEYFKESSLVDEYALAKIEELSALAPLHNPGAASGIRAFKELLPDITSVAVFDTAFHTSMPEVAYRYPVPNRYYTDYQVRKYGAHGTSHQYVSQEAAKLLGKPIEETKIITAHVGNGVSITAVDGGKSVDTSMGLTPLGGVMMGTRTGDLDPAIIPFIIDREPDMADAERIRHVFNKESGLLGISEKSSDMRDIIAGKEAGDEKCTLAYDLYVDRLRKYIAQYFGVMNGADAIVFTAGIGENSADVRASVLDGLTWFGIEVDPEKNVFGRVGDITTADSAVKVFVIPTDEELVIARDVERLKTK,C1=NC(=C2C(=N1)N(C=N2)C3C(C(C(O3)COP(=O)(O)OP(=O)(O)O)O)O)N,44452,1.0984168052673342,1.109235167503357,1.1365479230880735,1.2081929445266724,1.270964503288269,1.317363739013672
ACCOAC,Q5M5R2,Acetyl-CoA,MGLFDRKEKYIRINPNRYVRNGVDHHVPEVPDDLFAKCPGCKQAIYQKDLGQAKICPNCSYAFRISAKERLDLTVDEGSFQELFTGIKTENPLNFPGYMEKLAATKEKTGLDEAVVTGVATIKGQKTALAIMDSNFIMASMGTVVGEKITKLFEYAILEKLPVVIFTASGGARMQEGIMSLMQMAKISAAVKRHSNAGLLYLTVLTDPTTGGVTASFAMQGDIILAEPQTLIGFAGRRVIENTVRETLPDDFQKAEFLQEHGFVDAIVKRTELADTIATLLSFHGGVQ,CC(=O)SCCNC(=O)CCNC(=O)C(C(C)(C)COP(=O)(O)OP(=O)(O)OCC1C(C(C(O1)N2C=NC3=C(N=CN=C32)N)O)OP(=O)(O)O)O,31573,1.6506270170211792,1.6212165355682373,1.600263237953186,1.5813084840774536,1.568572163581848,1.5630723237991333
ACCOAC,Q5M5R3,ATP,MLSCFMFKKLLIANRGEIAVRIIRAARELGIQTVAIYSEADKDSLHTMLADEAICIGPAKSTDSYLNMNRVLSAAIVTEAQAIHPGFGFLSENSKFATLCEEMNIKFIGPSGEIMDKMGDKINARAEMIRANVPVIPGSDGEVFTAEEALEVANRLGYPVMLKASAGGGGKGIRKVNTKEELAPAFESASQEAKVSFGNGAMYIEKVIYPARHIEVQILGDSYGNIVHLGERDCSLQRNNQKVLEESPSVAIGKTLRHEIGSAAVRAAKAVNYENAGTIEFLLDEKSGQFYFMEMNTRVQVEHPVTEFVSGVDIVKEQIRIAAGEKLSVSQDDIEIKGHAIECRINAENPKFNFAPSPGKISNLYLPSGGVGLRVDSAVYPGYTIPPYYDSMIAKIIVHGENRFEALMKMQRALYELEIDGVVTNADFQLDLISDRSVIAGDYDTSFLMETFLPEYQNREE,C1=NC(=C2C(=N1)N(C=N2)C3C(C(C(O3)COP(=O)(O)OP(=O)(O)OP(=O)(O)O)O)O)N,50644,-0.1445113718509674,-0.052568763494491584,0.02262159809470177,0.11307352036237715,0.2021089792251587,0.2758145034313202
ACCOAC,Q5M5R1,Bicarbonate,MSDVARILKEARDQGRLTALDFAKEIFDDFIELHGDRNFRDDGAVIGGIGRLNGQAVTVVGIQKGKNLQDNLNRNFGQPHPEGYRKALRLMKQAEKFGRSVVTFINTAGAYPGVGAEERGQGEAIARNLMEMSDLKVPIIAIIIGEGGSGGALALAVADKVWMLENTIYSILSPEGFATILWKDGSRSEEAAELMKITSGELLNMGIVDKVIPERGYFTSEIIEAIKTAIVDELAELSQLSTEDLLEARYQRFRKY,C(=O)(O)[O-],28136,0.6044228076934814,0.69645094871521,0.7705059051513672,0.8470572233200073,0.9237501621246338,0.9941780567169191
