rxn,uniprot_id,substrate,seq,smiles,mw,pred_log10kcat_T25.0,pred_log10kcat_T30.0,pred_log10kcat_T37.0,pred_log10kcat_T40.0,pred_log10kcat_T42.0
GLCpts,F9UN60,Phosphoenolpyruvate,MAEKVLKGIAASDGVAIAKAYMLVDPDLSFEKTTVSDTDAEVARLHDAFDASKAELKVIKDKAVENLGEEEAEVFEAHITILSDPEMLGQIEGKIKDDKVNAEEALKEVTDTFISMFEAMTDNAYMQERAGDIRDVTKRVLSHLLGVTLPSPALIDSEVIVVAHDLTPSDTAQLDRKYVKGFITDIGGRTSHSAIMSRTLEIPAVVGSESATTDIKEGDTVVLDGINGDALVAPTDAEVADYQQKAKDFVAQKAEWAKLKNEATVSKDGKHFELASNIGTPDDMDGVLDAGSEAIGLFRSEFLYMNSSELPDEDTQFEAYKKVVEGMNGKPVIVRTMDIGGDKELPYLPLPDEMNPFLGYRAIRISLDRDDIFRTQLRALLRASHYGQLRIMFPMIATLDEFRKAKAIFEEEKAKLVAAGTPVADDIKLGIMIEIPAAAILADQFAKEVDFFSIGTNDLIQYSFAADRGNEQVSYLYQPYNPSLLRLIKHVIDAAHANGRFTGMCGEVAGDQIAVPLLMGLGLDEFSMSSTSVLKTRSLMKKLDTKEMAKLADKALNECVTNEEVKELVEKNVFGK,C=C(C(=O)O)OP(=O)(O)O,63111,0.760261178,0.670856118,0.524616599,0.480620056,0.472779602
GLCpts,F9UR54,D-Glucose,MKTYFQKIGQSLMLPIATLPAAAILVGIGNYLPKQWLFANYLIQGGNVVLNNLALLFAVGLAIGMSVNKDGAAAIAGLIAFEVPVMVLKPATLATMLNVKVSQINPAFSALDNNVLIGISAGLIAAALYNRFHEVKLPMALSFFSGKRLVPIMAAFVMLIVTAVLYLVWPFVYDAIVLFATGISKLGFVGAGLYGFFNRLLIPTGLHHALNSVFWYNVAGINDIGNFWASHGVKGITGMYEAGFFPIMMFGLPAGAYAIYRNARPERKKEVGSLMLAGAFASFFTGVTEPLEFSFMFVAWPLYLLHAVFMGLSLGFAALMHWTASFSFSGGLVDYLLSFRMPLANQPYMLLVQGLVMAVIYYFGFDFAIKRFNLKTPGREVVSADVDGVGAPASPAVAVAATDDKYMRQAKQIYAAIGGHDNISVINNCTTRLRLQLKDTEKVDQPAVMAAGVPGLNVLDVHNIHIVIGTEVQFVAEALQKLFSGQVATTPASDAESKAPVEPQTATVTEAPVTTILRAPATGQLMPISTVADETFAGKLLGDGYAVEPEDGEVVAPVSGTVTSVFPTKHAIGLKTTSGLEVLLHMGINTVEMNGTPFKLHVATGDEIAAGTAVATVDLAAIKSAGKATTMMVVITNMDHVNKLTLNPTGHVTSGDLIGAAE,C(C1C(C(C(C(O1)O)O)O)O)O,70323,2.120079041,2.100109577,2.111859798,2.122665167,2.129860878
PGI,Q88UI4,D-Glucose 6-phosphate,MAHISFDSSNLTKFVHNNELGEMQAMVTAADKELREGTGAGNDFRGWLNLPTDYDKEEFARIKTAAKKIQDDSDVLVVIGIGGSYLGARAAIEFLHETFWSSLSREDRKFPQVVFAGNSISSSYVNDLIHLIGDRDFSVNIISKSGTTTEPSIAFRVFKERLIAKYGEEAAKGRIYATTDRKRGALKQEADAEGYETFVIPDDVGGRFTVLTPVGLLPIAVSGGDIDSLMKGAADAQNEYKDADLSKNEAYQYAAYRNILYRKGYTTEILENYEPNMAMFSEWWKQLMGESEGKDQKGIYPSSANFTTDLHSLGQYIQEGRRNLMETVVKVDNATSDVDIPKETENLDGLKYLEGKTMAQVNTKAFEGVIMAHVDGGVPNMVVNIPSQDAYTLGYTMYFFEAAVAISGYLNGINPFNQPGVEAYKNNMFALLGKPGYEELTKKLTARLSD,C(C(C(C(C(C=O)O)O)O)O)OP(=O)(O)O,49847,1.16099751,1.145025134,1.13066411,1.126497507,1.122557759
PGMT,F9ULZ0,D-Glucose 6-phosphate,MSWQDTYNTWKNQATLETSLKQELTGMAGDDAALEDAFYEPMEFGTAGMRGVLGPGINRMNIYTVRQATEGLARFMDTLPAEVKERGVAISFDSRHHSEDFAHESARVLGQHGIKSYVFESLRPTPELSFTVRHLHTYAGIMITASHNPKQYNGYKIYGEDGGQMPPKESDLITSYIRKVDDVFAIAVADEQQLLADKTETIIGDDVDQDYLAKVKEVTINQKLVDEVGKDMKLVFTPLHGTGRMLGEKALKNAGFKNFSVVKEQAVADPEFSTVKFPNPEFPEAFKMAIDLGKKEGADVLIAVDPDADRLGTAVRQPNGEYVLLTGNQIAAVLLHYILQANKDAGTLPTNAAAVKSIVSSEFATKVAASYGVTMINVLTGFKYIAEQIEHFEATGEHTYMFGFEESYGYLIKPFVHDKDAIQTTVLLAEVAAYYKQQGKNLYDGLQDLFKEYGYFREQTTSEEFDGVGGSDKIAALMTKFRSEAPTAFAGYDVTGTEDFQSQTESFADGHTAPIALPKANVLKYHLNDGTWIAIRPSGTEPKIKFYIGTLGSTLEEANDKLAKFEDAIQAFIKE,C(C(C(C(C(C=O)O)O)O)O)OP(=O)(O)O,63537,0.273128986,0.282139003,0.292064071,0.295336187,0.297522813
GALU,F9ULY4,D-Glucose 1-phosphate,MSKVRKAVIPAAGLGTRFLPATKAMPKEMLPIVDKPTIQFIVDEARKSGIEDIVIVTGKSKRSIEDYYDSNPELEDNLRAKHKEEMLKLVQETTDINLYFIRQSHPRGLGDAVLTAKAFVGDEPFVVMLGDDLMEDKVPLTKQLMNSYDKTHASTLAVMKVPHEEVSKYGVINPESEKEPGLYNVNNFVEKPSPEDAPSDLAIIGRYLLTPEIFDVLENQKPGKGDEIQLTDAIDTLNKTQRVFAHEFKGTRHDVGYKFGYLKTTIEYGLTHPDVKADLRTYIKDLGAKLSKEDSAAPKTTKKPTK,C(C1C(C(C(C(O1)OP(=O)(O)O)O)O)O)O,34248,-0.782622337,-0.823018432,-0.870650649,-0.877484322,-0.883385658
UDPG4E,F9ULU4,UDPglucose,MSILVLGGAGYIGSHMVDRLVEHGTDVVVVDNLVTGHRAAVNSAAKFYQGDLRDADFLNHVFDTEDIEAVVHFAAFSIVPESMSKPLKYFDNNTGGMITLLETMQAHDVKQIVFSSTAATYGTPKQIPIKETDPQLPINPYGASKLMMEQIMHWADVAYGIKFVALRYFNVAGAKPDGSIGEDHGPETHLVPIILQVAQGKRDELKIFGDDYNTPDGTNVRDYVHVVDLADAHILALKYLAAGNDSNAFNLGSSTGFSNKQMLAAAREVTGQPIPAKLAPRRPGDPDSLVAASDKARDVLGWQPNYDNVNDIIETAWAWTQKHPNGYDDRD,C1=CN(C(=O)NC1=O)C2C(C(C(O2)COP(=O)(O)OP(=O)(O)OC3C(C(C(C(O3)CO)O)O)O)O)O,36150,1.36534822,1.436637759,1.526211977,1.565871119,1.595807672
UDPG4E,F9UMZ8,UDPglucose,MKALVTGGAGFIGSHLVDHLVSEGLDVVVVDNLSMGDLHNIKYQDEVTIYVEDVRNEKFMQQLLQEERPDYIYFLAAVASVADSIERPAETHSVNQTAVFNMLEYIRKTNLPIKQFLFTSSAAVYGNLPELPKKEDSRVDPLSPYAIDKYATERFVLAYGELYDLPTVCVRFFNVYGPGQNPSSPYSGVLSILTDCLNNKKPFTLYGDGSQTRDFVYVEDVIQALWLITKSDTEHEVFNIANGNEASLNAIIETYEKVAETSLQIKKAPGREGEVKRSVANIGKLIKLGYTTKWSLEAGLSKYWEGAQQREASRN,C1=CN(C(=O)NC1=O)C2C(C(C(O2)COP(=O)(O)OP(=O)(O)OC3C(C(C(C(O3)CO)O)O)O)O)O,35272,-0.988442302,-1.029301524,-1.076850295,-1.097531438,-1.114871264
UDPG4E,F9UQ52,UDPglucose,MKALVTGGAGFIGSHLVDHLVESGFEVVVVDDLSMGAISNIKHWEQITIYVADVCDDKFMQQLLADERPDYIYFLAAIASVADSIERPAETHAVNHTAVFNLLEHIRQIRLPIKQFLFTSSAAVYGNLPELPKREDSRVAPVSPYAIDKYATERFVLAYGELYDLPTVCVRFFNVYGPRQNPSSPYSGVLSILTDCLKTQRPFTLFGDGTQTRDFVYVSDVIKALWLITEHQVQHEVINIANGLETSLNGIIQMYQEIAGQQLEIKRAEQRGGEVDHSVASIGKLARLNYESEWPLRRGLTKYWEGECEHARS,C1=CN(C(=O)NC1=O)C2C(C(C(O2)COP(=O)(O)OP(=O)(O)OC3C(C(C(C(O3)CO)O)O)O)O)O,35210,1.092356205,1.125293136,1.18290174,1.226807594,1.263437033
UDPG4E,F9UUE7,UDPglucose,MAVLVLGGAGYIGSHAVDRLVAKGYDVAVVDNLVTGHRAAVNEHARFYEGDVRDTAFMNTVFDQENVEGVIHFAAFSVVPESMKDPLKYFDNNTAGMVKLLKVMAKHDVKKIVFSSTAATYGEPKQVPIKESDPQVPTNPYGESKLAMEKIMHWSDVAYGIKFVALRYFNVAGAKPDGSIGEDHAPETHLVPIILQVAAGERDQLQIFGDDYPTPDGTNVRDYVHVVDLADAHILALEYLKQGHDSDAFNLGSSTGFSNKQMLDAAREVTGKPIPAVMAPRRAGDPSTLVAASDKARTVLGWTPQYDDVKEIIKTAWTWKESHPAGYDDRGGQA,C1=CN(C(=O)NC1=O)C2C(C(C(O2)COP(=O)(O)OP(=O)(O)OC3C(C(C(C(O3)CO)O)O)O)O)O,36401,1.141790032,1.12028873,1.171181321,1.206463218,1.242009282
G6PDH2r,F9URG7,D-Glucose 6-phosphate,MSNEKIALFTIFGGTGDLAQRKLYPSLFKLYQKGYLKDHFAVIGTARRPWTDDHYHEVISDSLADLNADQETVTQFASHFYYQSHDVTDAEHYRTLKKLSEKLDAQYGLQGNRIFYLAMAPNFFGTIAQHLRSENILTDNGFNRVIIEKPFGHDYESAKELNDQLTATFNENQIYRIDHYLGKEMIQNITAIRFGNNIWESLWNNRYIDNVQITLSEKLGVEERAVYYDNSGALRDMVQNHILQILSLLTMDQPVEFTENDIDVEKVKALRSLRPLKPEEVATNFVRGQYGAGDDAKAYRDEDKISSDSNTDTFVAGKVMIDNYRWSGVPFYIRTGKRLADKFTRIDVVFKRPVVNIFNHEDVRANDDAATSLDPNILTINVEPTEGFELRMNAKAIGQGFATTPVKLNYSHDAEATAGSPEAYERLLHDALNGDATNFTHWQEVADSWKFVDVIQKYWDEHQPEFPNYRPGTMGPDAADELLRQDGHRWVYRN,C(C(C(C(C(C=O)O)O)O)O)OP(=O)(O)O,56786,-0.374547243,-0.39466235,-0.411121637,-0.408435613,-0.406840354
PGL,F9UQE3,"6-phospho-D-glucono-1,5-lactone",MQERILFGTYTKKTSQGIYQGTLDTTAKTLTNDGLLAATQNPTYLALSAKDCLYSVDKEDDEGGIAAWQIDGQTAHKLNTVVAPGTPPAYVAVDEARQLVYSANYHKGTAEVMKIAADGALTLTDTVQHSGHGPRPEQDGSHIHYTDLTPDNRLAVIDLGSDKVYVYNVSDAGQLSEQSVLTMEAGFGPRHLVFSPDGQYAFLAGELSSQIASLKYDAQTGAFTQLGIVKTIPADYTAHNGAAAIRLSHDGHFLYVSNRGYNTLAVFAVTADGHLTLIQQISTEGDFPRDFDLDPTEAFVVVVNQNTDNATLYARDLTSGKLSLLQKDVTVPEGVCVRF,C(C1C(C(C(C(=O)O1)O)O)O)OP(=O)(O)O,36539,1.218058705,1.191480637,1.156242371,1.140913367,1.130671144
GND,F9UNS5,6-Phospho-D-gluconate,MSNEKPQIGVIGMAVMGKNLALNIESRGYKVAIFNRTGAKTEKVVKDHADKQLVPSYKIEDFVASLETPRRIIMMVKAGKPTDAVIDELLPLLDKGDVLIDGGNTNFNDTMARNARLDKSGINFIGMGVSGGELGALQGPSLMPGGQKEAYDLVAPILEKISAKAPQDGAPCVTYIGPNGAGHYVKMVHNGIEYGDEELIDESYNIMRNVAGLSVDEMSDIFTDWNKGELSSYLIEITADILSRKDDLGADKTKPIVDMILDRGNNKGTGKWSSEDALNVQVPQSVITEAVYARYISMMKNERVAASKKLAGPTADVDLPAKEELVEKIRQALYFSKIMSYAQGFEQLRFASEHYGWDLKFGELAQIWRAGCIIRAQFLQNITDAFDKKPDLNNLLMDDYFADIAAKYQQSTREVLSLAIQAGVPVPSFSAALSYYDSYRAEVLPANLLQAQRDYFGAHTYERTDREGLYHYSWYEEQ,C(C(C(C(C(C(=O)O)O)O)O)O)OP(=O)(O)O,52982,1.530009747,1.523172259,1.528712511,1.543771744,1.559212327
GND,F9UN43,6-Phospho-D-gluconate,MKLGLIGLGKMGMNLALNMQDNGHTPVGMDLNPTNLSTASAHGLATATDLTNLLDQLPTPRIVWIMVPAGKATNSVIEQLAQTLSAGDIVLDGGNSHYQDSIRHGELLASHHINFLDVGTSGGQAGARHDGNFMIGGDLATFQVVEPLFKAIAAPDGYLYTGPVGSGHYLKMVHNGIEYGMMAAIGEGFDVLQHSQFTYDNAAVAKMWNNGSVIRSWLMGLAQDAFSKDGNLDDIKGVMHSSGEGRWTLDTALDQQVATPVIAMALMMRYRSETDDTFTGKVVAALRNEFGGHAVDHE,C(C(C(C(C(C(=O)O)O)O)O)O)OP(=O)(O)O,31809,1.623618245,1.565861583,1.500347257,1.47626245,1.462608457
PFK,Q88VY1,D-Fructose 6-phosphate,MKRIGILTSGGDAPGMNAAVRAVAGKAMAEGLEAYGINYGFAGLVAGDIHKIEAADLDGVIQRGGTLLYSARYPEFAHEEGQLKGIEQLKRFGIDALVVIGGDGSYHGALRLTEHGYNTIGLPGTIDNDIPYTDFTIGFDTAVNTNVQALDRIYDTAHSHDRTFVVEVMGRGAGDVALWSGVSIGATAIVVPEVDWDMEEIANKIKHNRANGHRSNLIVLAEGVMGAQEFVEKLSEYGDFDARGNTIAHMQRGGNPTAKDRVMASKMGAYAVELLLAGKGGLAVGIQNNQLVNHNILDLFESKHDVEVSLDKLNEEISFK,C(C(C(C(C(=O)CO)O)O)O)OP(=O)(O)O,34266,-0.368011683,-0.368016392,-0.358385324,-0.352646858,-0.347277731
FBA,F9UTT2,"D-Fructose 1,6-bisphosphate",MSFVNAVDMTQDAYKNHYAIGAFNTNNLEWTRCILKGAQDTNTPVIIQVSMGAAKYMGGYKLVMDLVADEMESMNITVPVVMHLDHGNYEAAKECIEVGYSSVMFDGHDLPFAENLEKTKEIVKLAHAKGISVEAEVGSIGGEEDGIIGEGELADVEEAKTLAATGIDILAAGIGNIHGKYPENWTGLHFDRLQEISEAVKMPLVLHGGSGIPKDQIVKAVELGISKVNVNTENQVAFANATRAYIESGADQIGKGYDPRKLLAPGKKAIVDVVTSRIGWFKTPAVK,C(C1C(C(C(O1)(COP(=O)([O-])[O-])O)O)O)OP(=O)([O-])[O-],30921,1.471480489,1.423790097,1.369233489,1.370220304,1.383118272
GAPD,F9UM10,Glyceraldehyde 3-phosphate,MSVKIGINGFGRIGRLAFRRILELGEKSSDIEVVAINDLTSPALLAHLLKYDSTHGTLNADVSATDDSIVVNGKNYRVYAEPQAQNIPWVKNDGVDFVLECTGFYTSKAKSQAHLDAGAKRVLISAPAGSDLKTIVYNVNDDILTADDRIVSAGSCTTNCLAPLAFFENKEFGIKVGTMTTIHAYTSTQMLLDGPVRGGNFRAARAAGVNTIPHSTGAAKALGLVIPELNGKLQGHAQRVGVVDGSLTELVAILDKKVTADEVNAAIKKHTEGNESFGYNDDEIVSSDVIGTTFGSIFDPTQTEVTSDGDNQLVKTVAWYDNEYGFTCQMVRTLLKFATL,C(C(C=O)O)OP(=O)(O)O,36438,-0.063681126,-0.123362586,-0.14681232,-0.147928908,-0.148766488
PGK,Q88YH5,3-Phospho-D-glyceroyl phosphate,MAKLIVSDLDVKDKKVLIRVDFNVPIKDGKIGDDNRIVAALPTIKYVIEHDGKAILFSHLGRIKSEDDKKGLSLRPVAERLSNLLNKPVTFVPVTEGEQLETAINNMNDGDVLVVENTRFEDVVNGEQVKRESGNDPELGKYWASLGDVYVNDAFGTAHRSHASNVGIASNMDQVAAGFLMEKEIKFLGDAVDNPKHPFVAILGGAKVSDKIGVIDHLISKADKIIIGGGMTYTFYAAKGMGIGNSLVEKDKIELAKSIIEKAGDKLVLPSDSIVAEKFDNDVPSKVVEGSIPDGYMALDIGPKSIEEFEDVLRDAKTVVWNGPMGVFEMSNYAKGTLEIGKFLGTLSDATTIVGGGDSTAAVKQLGVGDKLTHISTGGGASLEYLEGKELPGIAAISEK,C(C(C(=O)OP(=O)(O)O)O)OP(=O)(O)O,42797,1.414958358,1.463138938,1.536922336,1.571371198,1.595263362
PGM,F9UT12,3-Phospho-D-glycerate,MTTFYVVRHGQTVANAQNLKQGTINTAVTHLNSVGKQQAQTLHDTFDISFADRLICSPLDRTQATAAILNQGRQLPVSQDERLLEISYGQWDGQDNDQLLAAYPQYFDPLLQDVLPSYVEVATDGETFEHVQQRVAAFLKTTAQAHPDEQIIVVTHGFTVKAMALAILKPTDPMSLPEPANTSVTKVMVDAVHGRQYLAYYNRLPQF,C(C(C(=O)O)O)OP(=O)(O)O,23057,1.153605223,1.155611396,1.164854884,1.170562387,1.174251676
PGM,F9UMA3,3-Phospho-D-glycerate,MAQFSIYFVRHGQTFFNLYNRMQGWSDSPLTEYGQATATKVGQALANTAFDYYYSSDSKRAIDTAQLIRQAAGATAQPFKTLMNFREVFYGYFEGDDSSRTWSLVGRQYGVTSMHELLEHVPIDQTRDLMREIDPWHEAEDNSMYWERINQGFDYLKAHHDHHQKVLVVTHGTTIRSMVAHFAPEIDITNGPKNGSVTRIDINGDQIRVVDYAQDLADVKVNQHL,C(C(C(=O)O)O)OP(=O)(O)O,25847,0.782924294,0.752090573,0.736469865,0.733326197,0.731696606
PGM,F9UMA4,3-Phospho-D-glycerate,MATFSVYMIRHGQTYFNKYRRMQGWCDSPLTAVGEQDARNAGKMLNGIDFDAVYASDMTRAMRTAELILPASGNTDLTVQPMAAFREAFYGYFEGDDTSQTWFMVGAPHQAPSLSAIIEQYGIEKAKDFCKEADPFHRAENNAEFWQRVTGGLDTLRAHHHDGDKVLVVSHGNTIYSIAARFAALTSPARPQNGSVTKFTISDNDVTLDYFGRKDHLD,C(C(C(=O)O)O)OP(=O)(O)O,24377,1.216596961,1.200883031,1.202767372,1.202690363,1.202234745
PGM,F9UPD3,3-Phospho-D-glycerate,MAKTLYMMRHGETLFNRLKKIQGACDSPLTPKGIADAQRVGAYFQAQGITFDHAYSSTQERASDTLELVTKQPYERLKGIKEWNFGVFEGESEVLNPKPDPVRRSHGDFFCQYGGESDLQVQDRVVKTLTAVMARPDHHQVLVVSHGGASFMFLRQWLSMDEIERQGIVLHNCAVIKYQYDAGRFTFEKIINLAATDKN,C(C(C(=O)O)O)OP(=O)(O)O,22590,3.279452562,3.315629959,3.36619401,3.394780159,3.416780949
PGM,F9UQA5,3-Phospho-D-glycerate,MTKLLFVRHGKTEWNLEGRYQGSQGDSPLLPTSYQEIHELAAALQDIRFSHIYVSPLKRARDTAMTLRNDLTQSELPITVLSRLREFNLGKMEGMAFTDVEATYPAEFDAFRNHPDQYDPTAIQGESFQQLLKRMTPAIKQIVQANPRRDDNVLIVSHGAALNALVNSLLGATLATLRQRGGLSNTSTTILETRDRGQHFKLLDWNDTSYLSRRPDATDTI,C(C(C(=O)O)O)OP(=O)(O)O,24957,2.215758801,2.27751565,2.381737471,2.421620846,2.446421862
PGM,F9URQ2,3-Phospho-D-glycerate,MATIHLYLVRHGQTKLNAAGRLQGIYDSELTHTGVRSAQRLARMLADVHFDAAYVSDLGRAQQTSRIITALHPEIKKPTIDVGLREFNFGGLEGTRNMWIVKQVQKQLGIGTFVKLMLSRERFATLLWVFNSLDQTRGAETLVGVTDRISSALRRICLYESQDSQHDKNILIVSHGLVLSAFLYQISPRELPTRLLKNTSVSRVDYQNRQFKLIDINITPKKRA,C(C(C(=O)O)O)OP(=O)(O)O,25414,2.65372777,2.684669733,2.732941389,2.753162384,2.766573668
PGM,F9URW9,3-Phospho-D-glycerate,MKSITLHLVVAGATYFNQLDRFQGWSGTPLTATGEQATAKVAQQLASTTFDTAFASDTSRAIQTARIILDSRAQPVKLRTVVALRAPFYGGFEGTERAAVWSGFATKLGYQSVAAFAADQTPSELQTLLHDHDADGLAESGQEFWDRYQKGLQQVMAATPDHGQVLLIVDGATLRMMHYVATGRAATRQELAPSVVTTMVYTGDKLTVPVTE,C(C(C(=O)O)O)OP(=O)(O)O,22899,0.459902197,0.464422047,0.471400112,0.475451201,0.478657752
PGM,Q88T35,3-Phospho-D-glycerate,MAKLVLIRHGQSEWNLSNQFTGWVDVDLSEKGVEEAKAAGQKVKEAGLEFDYAFTSVLTRAIKTLHYVLEESDQLWIPETKTWRLNERHYGALQGLNKKETAEKYGDDQVHIWRRSYDVLPPLLSADDEGSAVNDRRYADLDPNIVPGGENLKVTLERVMPFWEDQIAPKLLDGKNVIIAAHGNSLRALSKYIEQISDDDIMDLEMATGEPVVYDFDEKLKVLGKEKLGK,C(C(C(=O)O)O)OP(=O)(O)O,26087,1.0798136,1.055177569,1.022311807,1.016512275,1.012776017
PGM,Q88YY8,3-Phospho-D-glycerate,MTELVLVRHGESTANRDNTYTGWSDVPLTAVGIAQAHQAGKRLRATGLQFGAVHTSVLKRAIVTANIMLSEIDQLWLPEYKTWRLNERHYGALRGQNKDVTRQEYGKAQVQQWRRSFYTVPPLLTPAELDHDRRYTKYGAAVEPRGESLKMAYDRIMPYWIDEIAPRLLDGQNQLVVAHGSTLRAMIKYLEHISDTGIDGVEVANGVPICYHLDRQLHVIGKEEY,C(C(C(=O)O)O)OP(=O)(O)O,25625,0.07335224,0.059973225,0.046068218,0.041574832,0.037631862
ENO,Q88YH3,D-Glycerate 2-phosphate,MSIITDIYAREVLDSRGNPTVEVELYTESGAFGRGIVPSGASTGEHEAVELRDGDKSRFMGKGVTKAVDNVNKLIAKEIVGYDVTDQRAIDQAMIKLDGTPNKAKLGANAILGVSIAAARAAADELEMPLYNYLGGFNAHVLPTPMMNVINGGAHANNDVDFQEFMIMPVGASSVKEAIRMGSETFHNLKAILNERGYSTAVGDEGGFAPDLKNNEEPFEILVEAIERAGYKPGKDIAIAFDCAASEFYNEETGKYDLKGEGENGQSFTAEEFVDLLDSIVDKYPIVSIEDPLDENNWEDWQMATAKLGKKVQIVGDDLFVTNTDYLAKGIKMGVANSILIKVNQIGTLTETVEAIEMAKEAGYTAIVSHRSGETEDTTIADLVVAMNAGQIKTGSMSRTERIAKYNQLMRIEDQLESTSEYKGIHGFYNLDEAARNTITSK,C(C(C(=O)O)OP(=O)(O)O)O,48030,1.688437223,1.750485659,1.835205197,1.867531419,1.889101863
ENO,Q88VW2,D-Glycerate 2-phosphate,MEKQVIETVKAREIFDSRGNPTVEADVILSDGTLGRAEVPSGASTGEKEAVELRDGGDRLAGKGVLKAVNNVNTVINHALHGADPFNQAHIDQIMIDLDGTPNKARLGANAILGVSMATARAAANALQQPLYRYLGGTDLELPQTFHNVINGGEHADNGIDIQEFMITPVERTSFRDGFEKIVNTYHTLKKVIEDAGYTSGLGDEGGFAPDLKNSEEALQMLHDAIIKAGYTPGKEIAIAFDAAASYFYNRTTHNYDFEGKTYTPAALGDYYLQLLAKFPEIVSIEDPYGEEDWDNFASFTAAHGDQLQIVADDPVCTNPQLIRQAIQRGMANNILIKLNQIGTVTETLAAIRLARKNGYATMMSHRSGETGDTFVADFTVATNAAQLKAGAPARSERVEKYNQLLRIEEELGADGARLAHFPNNVMFD,C(C(C(=O)O)OP(=O)(O)O)O,46621,1.371764421,1.410431504,1.479762912,1.511640191,1.531416297
PYK,F9UPM3,Phosphoenolpyruvate,MKKTKIVSTLGPASTDTDTIVKLIEAGANIFRFNFSHGDHEEHLDRLNKVHEAEKITGKTVGIMLDTKGAEIRTTVQANGKSEYKIGDKVRITMDDSLDTTHDKIAVTYKNLYDDVHVGGHVLFDDGLLDMKIDEKDEANRELVTTVQNAGVLGSRKGVNAPGVSINLPGITEKDSSDIRFGLDHEINYIAASFVRKPQDVLDIRELLEEKHMEHVQIFPKIESQEGIDNADEILKVCDGLMVARGDMGVEIPAENVPLVQKSLIKKCNALGMPVITATQMLDSMQENPRPTRAEASDVANAVFDGTDATMLSGESANGLYPVESVAMMAKIDEKAENTLAENGTLQLNRFDKTSVTETIGIAIARAAKNLNIKTIVAATESGYTAKMISKYRPNADILAITFDERTQRGLMVNWGVQPIVAEKPETTDDMFDLAASKAVELGFAKEGDLILITAGVPVGERGTTNIMKIQLIGSKLADGQGVGDETVIGKAVIATSAQEAIDKAVEGGVLVTKTTDKDYLPAIEKSSALVVENGGLTSHAAVVGISMGIPVIVGVKDATSVIADGQLITVDSRRGLVYRGASNAL,C=C(C(=O)O)OP(=O)(O)O,62867,1.323882937,1.256697297,1.176143289,1.144515634,1.128652692
LDH_L,P59390,Pyruvate,MDKKQRKVVIVGDGSVGSSFAFSLVQNCALDELVIVDLVKTHAEGDVKDLEDVAAFTNATNIHTGEYADARDADIVVITAGVPRKPGESRLDLINRNTKILESIVKPVVASGFNGCFVISSNPVDILTSMTQRLSGFPRHRVIGTGTSLDTARLRVALAQKLNVATTAVDAAVLGEHGDSSIVNFDEIMINAQPLKTVTTVDDQFKAEIEQAVRGKGGQIISQKGATFYGVAVSLMQICRAILNDENAELIVSAALSGQYGINDLYLGSPAIINRNGLQKVIEAELSDDERARMQHFAAKMLTMMNVAS,CC(=O)C(=O)[O-],33116,1.95953691,1.948266149,1.932213783,1.925482869,1.921046615
LDH_L,P56512,Pyruvate,MSSMPNHQKVVLVGDGAVGSSYAFAMAQQGIAEEFVIVDVVKDRTKGDALDLEDAQAFTAPKKIYSGEYSDCKDADLVVITAGAPQKPGESRLDLVNKNLNILSSIVKPVVDSGFDGIFLVAANPVDILTYATWKFSGFPKDRVIGSGTSLDSSRLRVALGKQFNVDPRSVDAYIMGEHGDSEFAAYSTATIGTRPVRDVAKEQGVSDEDLAKLEDGVRNKAYDIINLKGATFYGIGTALMRISKAILRDENAVLPVGAYMDGQYGLNDIYIGTPAVIGGTGLKQIIESPLSADELKKMQDSAATLKKVLNDGLAELENK,CC(=O)C(=O)[O-],34206,2.882310629,2.881789923,2.873718977,2.871095181,2.869377375
LDH_D,Q88VJ2,Pyruvate,MKIIAYAVRDDERPFFDTWMKENPDVEVKLVPELLTEDNVDLAKGFDGADVYQQKDYTAEVLNKLADEGVKNISLRNVGVDNLDVPTVKARGLNISNVPAYSPNAIAELSVTQLMQLLRQTPLFNKKLAKQDFRWAPDIAKELNTMTVGVIGTGRIGRAAIDIFKGFGAKVIGYDVYRNAELEKEGMYVDTLDELYAQADVITLHVPALKDNYHMLNADAFSKMKDGAYILNFARGTLIDSEDLIKALDSGKVAGAALDTYEYETKIFNKDLEGQTIDDKVFMNLFNRDNVLITPHTAFYTETAVHNMVHVSMNSNKQFIETGKADTQVKFD,CC(=O)C(=O)[O-],37181,1.803413868,1.794727206,1.782721281,1.777626038,1.773848176
PFL,F9UTJ5,Pyruvate,MITSEKTTKPAAWKGFKGGHWQEEINIRDFIQNNFTQYNGDESFLAGPTAATKTLNDKVLELKKQERAAGGVLDADTKVVATITSHGPGYIQKDLEKIVGLQTDKPLKRAFMPFGGIRMADDALKSYGYTPDEENDKIFTEYRKTHNQGVFDVYTPDMRKARHYKIITGLPDAYARGRLIPDLPRVAVYGIDRLMEDKANDFAHIGDGELTDDVIRLREEVQDQYRALADMKKMAASYGYDISKPATNAQEAIQWMYFAYLAAIKTQNGAAMSVGRIDTTMDIFIQRDLDNGVLDESQAQELIDQFVMKLRMVRFIRTEEYNSLFSGDPIWATLSMCGLGVDGQHHVTKTAFRILKTLDNMGAAPEPNITILWSDRLPEDFKRYATEVSIDSSTIQYENDDLMRVQWGTDYYGIACCVSAQPIADGIQYFGARANLAKAILYAINGGRDEIAGDQVGPAYEPITSEYIDYDEFMKKLDKQMDWLADTYVNSLNAIHYMHDKYYYEAAQLALKNTDLDRTFATGISGLSHAADSISAIKYGHVKVIRDERGIAVDFKADNDYPRYGNNDDRADDIAKWLVKELYSKMNTHHLYRNAKLSTSVLTITSNVVYGKNTGTTPNGRQKGEPFSPGANPAYGAEKSGALASLLSTAKLPYRYATDGISNTFGVTPNTLGHDLESRKDTLVNMLDGYMKNDGMHLNINVFNKDTLIDAQKHPEEYPTLTVRVSGYCVYFADLTKEQQDDVISRTFFESM,CC(=O)C(=O)[O-],84480,1.183081985,1.166623592,1.153691649,1.148110271,1.14788425
PDH,F9UQ93,Pyruvate,MDNEKPIVDFGAIRDVLGKDFEPVQVLDGQAKVIKPEIVSKYSNEQLVEFFKLMLWERTLHQRSNALTRQGRLGFYAPTEGQEASEMGSNAAMKKTDVLMPAYRDIPQLIQHGLPVYKAFLWSRGHVLGNEYPEDFHAMPPQIIIGAQYVQAAGVALGIKKNGTEDKVAYTYTGDGGTSQGDFYEGMNFAGAFEAPAVFIVQNNGYAISVPRRKQTAAKTLAQKAVAAGIPSVQVDGMDFLAVYEVTKAAREYAAAGNGPVMIETLTYRFGPHTNAGDDPKRYRTKDEEQPWFDNDPLIRYRKYLTDQGVWSEDQENEYVEQVKEDIKAAVKQADEAPKQKMTEFLGNVFEEQPQNIQQQITEFQAKESK,CC(=O)C(=O)[O-],41469,2.162090302,2.154251814,2.144530773,2.1410954,2.139413834
PTAr,F9UM27,Acetyl-CoA,MDLFESLAQKITGKDQTIVFPEGTEPRIVGAAARLAADGLVKPIVLGATDKVQAVANDLNADLTGVQVLDPATYPAEDKQAMLDALVERRKGKNTPEQAAKMLEDENYFGTMLVYMGKADGMVSGAIHPTGDTVRPALQIIKTKPGSHRISGAFIMQKGEERYVFADCAINIDPDADTLAEIATQSAATAKVFDIDPKVAMLSFSTKGSAKGEMVTKVQEATAKAQAAEPELAIDGELQFDAAFVEKVGLQKAPGSKVAGHANVFVFPELQSGNIGYKIAQRFGHFEAVGPVLQGLNKPVSDLSRGCSEEDVYKVAIITAAQGLA,CC(=O)SCCNC(=O)CCNC(=O)C(C(C)(C)COP(=O)(O)OP(=O)(O)OCC1C(C(C(O1)N2C=NC3=C(N=CN=C32)N)O)OP(=O)(O)O)O,34422,0.242281228,0.224991992,0.20639044,0.197183818,0.190956444
ACKr,Q88V41,Acetyl phosphate,MGKTIAINAGSSTLKFKLFEMPQERVIAQGAVERIGFKTSPVNIRYGVDHHYQEKAVVADHLAAVNIVLDELIKLRIIDSYDEITGVGHRVVAGGEQFHDSVLITDQVLKQITDLAEYAPLHNPANAVGIRAFKRVLPHVPAVAVFDTAFHASMPAVNYLYSLPYDYYQRYGARKFGAHGTSHRYVAVRAAKLLGRPLETLKLITLHLGAGSSITAIDHGQSLDTSMGFTPLAGITMATRSGDVDPSLVAYLMKKLNISDPDEMLTILNTQSGLLGLAGSADMQELEARYDEDSQAQLAIDIFVNRIVKYVGAYLAELQGADALVITAGIGERDARMRQRIADRLTYFGVAIDPTKNQVSGVERDLSTTDAKIRTLLIPTDEELMIARDVERVAQNQ,CC(=O)OP(=O)(O)O,43475,1.870063305,1.859762073,1.871106386,1.883845925,1.893626571
ACKr,F9UT17,Acetyl phosphate,MQKTLIINAGSSSLKWQLFAMPAETVVASGLVERISMPGSIFTIKYGDHQKFETTVDNLDQNHAAQMLLAELQRLAIIDSLTEITAVAHRVVAGGETFKQAVEVTPAVLEAIKGLSDFAPLHNPMEARGIETMAQALPTVKQYAVFDSQFFTDLPEMNAIYSLPYELTQKYHIRRYGEHGISHGYLTGRAAELLAKPKDDLNLVTLHLGSGASLAAVKNGRAFDTSMGFTPLTGVTMGTRAGDVDPAVLPFLMKALKIDDPNEIMMMLNNQSGLLGISGISPDMREIRAQEATNPQAQLAVEIFVNRIVKYAGSYLTELKRADALIFAGGIGEHNATLRQQIIDELSIFGVTLDPKLNEAGQEGLISGADSKIKVMLIPTNEELAMVRQVAALQN,CC(=O)OP(=O)(O)O,42892,1.951692462,1.96285069,1.98511827,1.99424243,2.003903627
ACKr,F9UTR4,Acetyl phosphate,MAKILAINAGSSTLKWKLFSVPEETVIASGMVDRLGLPDSVFTIKKADGSKYSETKDQIDAKEAAAMVLTRLKSDNIVTHLSEITGVGHRVVAGGEDFKDSVVITSQTLKKIKDLSEYAPLHNPTQAYYIEVFRDLLPKATQVAVFDTSLYADMPKVNYLYSIPYDYYEKFGARKYGAHGTSHRYVANRTAQLLGKPLDSLKLVTLHLGSGASITAFDHGKAVDTSMGFTPLAGITMSTRSGDIDASIIPFLMRHLGISDVEDFVDILNHKSGLLGISGLSPDMRDLDKTQDTRERSKLAIDIFVNRVVKYVGSYIAEMNGIDALVFTAGVGENSWMIRERVTKALGYFGVTVDDEKNHMHGKEQIISKDDEPVTVMVVPTNEELMIVRDVERLSKAE,CC(=O)OP(=O)(O)O,43848,1.628238797,1.632356048,1.641915441,1.646042705,1.651024103
ACCOAC,F9UL62,Acetyl-CoA,MDKRLQRLRAADRISAPTIIQALLPTMTQQRGDRLLGQDAALTAGFGRTATGRQLAVLGVDRGVDIASRRRKNGGALTVPGYRTALRVVTHAAKFGWPVVSLINMPGADASPQSERYGQSQAIADLIAATGQLTVPNVVVFLGEGHSGGALAFANANRIIMLDDALFNVASPEAVTAILHGQQTSSDAIDLLPMTASALQSRGLVDLVIDHQDQTLVAAINQAIETQLAALEALPAPDLIEQREAKFQHFLQSWPVN,CC(=O)SCCNC(=O)CCNC(=O)C(C(C)(C)COP(=O)(O)OP(=O)(O)OCC1C(C(C(O1)N2C=NC3=C(N=CN=C32)N)O)OP(=O)(O)O)O,27338,1.851232767,1.821400523,1.782116771,1.76833415,1.759212136
ACCOAC,F9UP44,Acetyl-CoA,MSKVTAYEQVQAARDASKISIQTLIDGLTEDFFDCHGDRQRADDPAVIAGLATIAQRPVTIIGIQKGQNLAENQARHFGCATPSGYRKALRLMRQAEQLRQPVVTLINTPGAYPGVDAEYEGQGRAIADCLLAGLQLRVPFLSLIVGEGGSGGALALACGDQVWMLANSTYSVLSPEGYATILWKESQRAAEAAEKMRLTPTELLADGIIDRIIPEVATAADCQPLKTAIDETLTALTAKSVAELVTQRQARYRQF,CC(=O)SCCNC(=O)CCNC(=O)C(C(C)(C)COP(=O)(O)OP(=O)(O)OCC1C(C(C(O1)N2C=NC3=C(N=CN=C32)N)O)OP(=O)(O)O)O,27573,-0.01198601,-0.045051984,-0.097615659,-0.12387155,-0.142840043
