rxn,uniprot_id,substrate,seq,smiles,mw,pred_log10kcat_T25.0,pred_log10kcat_T32.0,pred_log10kcat_T37.0,pred_log10kcat_T42.0,pred_log10kcat_T46.0,pred_log10kcat_T49.0
LCTSGALex,Q5M3K4,Lactose,MEKSKGQMKSRLSYAAGAFGNDVFYATLSTYFIMFVTTHLFNTGDPKQNSHYVLLITNIISILRILEVFIDPLIGNMIDNTNTKYGKFKPWVVGGGIISSITLLLLFTDLGGLNKTNPFLYLVLFGIIYLVMDVFYSIKDIGFWSMIPALSLDSHEREKMATFARIGSTIGANIVGVAIMPIVLFFSMTNNSGSGDKSGWFWFAFIVALIGVITSIAVGIGTREVESKIRDNNEKTSLKQVFKVLGQNDQLMWLSLGYWFYGLGINTLNALQLYYFTFILGDSGKYSILYGLNTVVGLVSVSLFPTLADKFNRKRLFYGCIAVMLGGIGIFSIAGTSLPIILTAAELFFIPQPLVFLVVFMIISDSVEYGQWKTGHRDESLTLSVRPLIDKLGGAMSNWLVSTFAVAAGMTTGASASTITTHQQFIFKLGMFAFPAATMLIGAFIVARKITLTEARHAKIVEELEHRFSVATSENEVKANVVSLVTPTTGYLVDLSSVNDEHFASGSMGKGFAIKPTDGAVFAPISGTIRQILPTRHAVGIESEDGVIVLIHVGIGTVKLNGEGFISYVEQGDHVEVGQKLLEFWSPIIEKNGLDDTVLVTVTNSEKFSAFHLEQKVGEKVEALSEVITFKKGE,C(C1C(C(C(C(O1)OC2C(OC(C(C2O)O)O)CO)O)O)O)O,69435,0.7516675,0.821566701,0.864660263,0.914251566,0.959492207,0.995054126
LCTSGALex,Q5M3K4,D-Galactose,MEKSKGQMKSRLSYAAGAFGNDVFYATLSTYFIMFVTTHLFNTGDPKQNSHYVLLITNIISILRILEVFIDPLIGNMIDNTNTKYGKFKPWVVGGGIISSITLLLLFTDLGGLNKTNPFLYLVLFGIIYLVMDVFYSIKDIGFWSMIPALSLDSHEREKMATFARIGSTIGANIVGVAIMPIVLFFSMTNNSGSGDKSGWFWFAFIVALIGVITSIAVGIGTREVESKIRDNNEKTSLKQVFKVLGQNDQLMWLSLGYWFYGLGINTLNALQLYYFTFILGDSGKYSILYGLNTVVGLVSVSLFPTLADKFNRKRLFYGCIAVMLGGIGIFSIAGTSLPIILTAAELFFIPQPLVFLVVFMIISDSVEYGQWKTGHRDESLTLSVRPLIDKLGGAMSNWLVSTFAVAAGMTTGASASTITTHQQFIFKLGMFAFPAATMLIGAFIVARKITLTEARHAKIVEELEHRFSVATSENEVKANVVSLVTPTTGYLVDLSSVNDEHFASGSMGKGFAIKPTDGAVFAPISGTIRQILPTRHAVGIESEDGVIVLIHVGIGTVKLNGEGFISYVEQGDHVEVGQKLLEFWSPIIEKNGLDDTVLVTVTNSEKFSAFHLEQKVGEKVEALSEVITFKKGE,C(C1C(C(C(C(O1)O)O)O)O)O,69435,1.146009684,1.192203164,1.219265819,1.243923068,1.26662612,1.284637809
LACZ,Q5M3K5,Lactose,MNMTEKIQTYLNDPKIVSVNTVDAHSDHKYFESLEEFSEGEMKLRQSLNGKWKIHYAQNTNQVLKDFYKTEFDETDLNFINVPGHLELQGFGSPQYVNTQYPWDGKEFLRPPQVPQESNAVASYVKHFTLNDALKDKKVFISFQGVATSIFVWVNGNFVGYSEDSFTPSEFEISDYLVEGDNKLAVAVYRYSTASWLEDQDFWRLYGIFRDVYLYAIPKVHVQDLFVKGDYDYQTKAGQLDIDLKTVGDYEDKKIKYVLSDYEGIVTEGDASVNGDGELSVSLENLKIKPWSAESPKLYDLILHVLDDDQVVEVVPVKVGFRRFEIKDKLMLLNGKRIVFKGVNRHEFNARTGRCITEEDMLWDIKVMKQHNINAVRTSHYPNQTRWYELCDEYGLYVIDEANLETHGTWQKLGLCEPSWNIPASEPEWLPACLDRANNMFQRDKNHASVIIWSCGNESYAGKDIADMADYFRSVDNTRPVHYEGVAWCREFDYITDIESRMYAKPADIEEYLTTGKLVDLSSVSDKHFASGNLTNKPQKPYISCEYMHTMGNSGGGLQLYTDLEKYPEYQGGFIWDFIDQAIYKTLPNGSEFLSYGGDWHDRPSDYEFCGNGIVFADRTLTPKLQTVKHLYSNIKIAVDEKSVTIKNDNLFEDLSAYTFLARVYEDGRKVSESEYHFDVKPGEEATFPVNFVVEASNSEQIYEVACVLREATEWAPKGHEIVRGQYVVEKISTETPVKAPLNVVEGDFNIGIQGQNFSILLSRAQNTLVSAKYNGVEFIEKGPKLSFTRAYTDNDRGAGYPFEMAGWKVAGNYSKVTDTQIQIEDDSVKVTYVHELPGLSDVEVKVTYQVDYKGRIFVTANYDGKAGLPNFPEFGLEFAIGSQFTNLSYYGYGAEESYRDKLPGAYLGRYETSVEKTFAPYLMPQESGNHYGTREFTVSDDNHNGLKFTALNKAFEFSALRNSTEQIENARHQYELQESDATWIKVLAAQMGVGGDDTWGAPVHDEFLLSSADSYQLSFMIEPLN,C(C1C(C(C(C(O1)OC2C(OC(C(C2O)O)O)CO)O)O)O)O,117046,0.811745286,0.797926307,0.790475607,0.802903056,0.817587376,0.828860879
GALM,Q8L2I1,D-Galactose,MKISCEIIGKVDSGDVSKISMENNNGVVISTLTTGATLQEFLVPTETGALKNIVLGFSDFEDYYKNNLCACQSIGRVAGRIGKASYTHNMVLYSLPKNEGENCLHGGPKGMQVQNWNYVTNLNDEYVETKFIRRLYSSVDGFPGDVTVSISYRLNNNNRLTILFEAFDVTESTIFNPTNHVYFNLSDKQDLSSHELQIYSDYRLELDSELIPTGQKINVDETNYDFRKTTDLLPRIEANNGFDDAFVVGGGTCDHVKEVAILHDKESGDGIEIFSNRNGLVIFTMDDIEDNIYFARDKGKMAKRREAIAMEAQTLPDAVNHKGFGDIILDKGHSVNYEIGFQYFNSSR,C(C1C(C(C(C(O1)O)O)O)O)O,39025,0.649613023,0.635254383,0.637348056,0.64203465,0.646677017,0.649626493
GALK2,Q5M3K0,Alpha D galactose,MNTSQLREKFKEVFGVEADHTFFSPGRINLIGEHTDYNGGNVLPVAITLGTYGAARKRDDKVLRFFSANFEEKGIIEVPLENLRFEKEHNWTNYPKGVLHFLQEAGHTIDSGMDIYIYGNIPNGSGLSSSSSLELLIGVIVEKLYDIKLERLDLVKIGKQTENDFIGVNSGIMDQFAIGMGADQCAIYLDTNTLKYDLVPLDLKDNVVVIMNTNKRRELADSKYNERRAECETAVSELQEKLDIQTLGELDFLTFDAYSYLIKDENRIKRARHVVLENQRTLQARKALEAGDLEGFGRLMNASHVSLEYDYEVTGLELDTLAHTAWEQEGVLGARMTGAGFGGCAIALVNKDKVEDFKKAVGQRYEEVVGYAPSFYIAEVTGGSRVLD,C(C1C(C(C(C(O1)O)O)O)O)O,43420,2.613300562,2.524044275,2.461621523,2.399407148,2.349746466,2.308962584
GALT,Q5M3K1,Alpha-D-Galactose 1-phosphate,MAENLVNTFVTQVIENSDYEELDRIYLTNKVFTLVGEGVADVETDSSELIDLKDQLLQAGVKAGSVGELNEEQDIIGAQLMDLITPRPSVVNRNFWDTYKSNPEQAIADFYAQSKRNDYVKVKAIAQNIAYKAPTKYGDLEITINLSKPEKDPKAIAAAKNAVASDYPKCQLCMENEGYLGRINHPARSNHRVVRFQMEDKEWGFQYSPYAYFNEHSIFFYGKHEPMHISPLTFGRLLTIVEAFPGYFAGSNADLPIVGGSILTHEHYQGGRHTFPMEVAGIKEKVSFDGYSDVEAGIVNWPMSVLRLRSEDKERLIALATKILNCWRGYSDEKAGVLAESDGQPHHTITPIARRKDGKFELDLVLRDNQTSEEYPDGIYHPHKDVQHIKKENIGLIEVMGLAILPPRLKTELKDVEDYLLGQGNQVAPIHQEWADELKAQNPNITAEEVTEVVRQSVADIFARVLEDAGVYKTNNEGLDQFKAFVDFVNLAD,C(C1C(C(C(C(O1)OP(=O)(O)O)O)O)O)O,55500,1.529105783,1.587988496,1.629889131,1.672411323,1.713827491,1.757107854
UDPG4E_f,Q8L2I2,UDPgalactose,MAILVLGGAGYIGSHMVDRLVEKGQEKVVVVDSLVTGHRAAVHPDAIFYQGDLSDQDFMRKVFKENPDVDAVIHFAAYSLVGESMEKPLKYFDNNTAGMIKLLEVMNECGVKYIVFSSTAATYGIPEEIPILETTPQNPINPYGESKLMMETIMKWSDQAYGIKYVPLRYFNVAGAKPDGSIGEDHDPETHLLPIILQVAQGVREKIMIFGDDYNTPDGTNVRDYVHPFDLADAHLLTVEYLRKGNESTALDLGSSTGFSNLQILEAACKVTGKEIPAEKADRLRGDPDILIASSEKARTVFGWKPQFDNIDNIIASAWAWHSNHPKGYDDRGLLK,C1=CN(C(=O)NC1=O)C2C(C(C(O2)COP(=O)(O)OP(=O)(O)OC3C(C(C(C(O3)CO)O)O)O)O)O,37223,0.228176519,0.253101319,0.320658535,0.41921249,0.499596745,0.561877966
UDPG4E_r,Q8L2I2,UDPglucose,MAILVLGGAGYIGSHMVDRLVEKGQEKVVVVDSLVTGHRAAVHPDAIFYQGDLSDQDFMRKVFKENPDVDAVIHFAAYSLVGESMEKPLKYFDNNTAGMIKLLEVMNECGVKYIVFSSTAATYGIPEEIPILETTPQNPINPYGESKLMMETIMKWSDQAYGIKYVPLRYFNVAGAKPDGSIGEDHDPETHLLPIILQVAQGVREKIMIFGDDYNTPDGTNVRDYVHPFDLADAHLLTVEYLRKGNESTALDLGSSTGFSNLQILEAACKVTGKEIPAEKADRLRGDPDILIASSEKARTVFGWKPQFDNIDNIIASAWAWHSNHPKGYDDRGLLK,C1=CN(C(=O)NC1=O)C2C(C(C(O2)COP(=O)(O)OP(=O)(O)OC3C(C(C(C(O3)CO)O)O)O)O)O,37223,0.228176534,0.253101408,0.320658565,0.41921255,0.499596834,0.561878085
GALU_f,Q5M2J0,UDPglucose,MKNQKVRKAVIPAGGLGTRFLPATKALAKEMLPIVDKPTIQFIVEEALKSGIEDILVVTGKSKRSIEDHFDSNFELEYNLEQKGKTDLLKLVNDTTSINLHFIRQSHPRGLGDAVLQAKAFVGNEPFVVMLGDDLMDITNDKAVPLTKQLINDYEETHASTIAVMPVSSEEVSAYGVIAPQGKGENGRYSVETFVEKPNPEDAPSDLAIIGRYLLTPEIFGILENQEPGAGNEVQLTDAIDTLNKTQRVFARVFTGDRYDVGDKFGFMKTSIDYALKHPQIKDDLKQYLIELGHKLEGKPTKKG,C1=CN(C(=O)NC1=O)C2C(C(C(O2)COP(=O)(O)OP(=O)(O)OC3C(C(C(C(O3)CO)O)O)O)O)O,33628,0.44021216,0.526917815,0.586723685,0.655129075,0.722803354,0.782626033
GALU_r,Q5M2J0,D-Glucose 1-phosphate,MKNQKVRKAVIPAGGLGTRFLPATKALAKEMLPIVDKPTIQFIVEEALKSGIEDILVVTGKSKRSIEDHFDSNFELEYNLEQKGKTDLLKLVNDTTSINLHFIRQSHPRGLGDAVLQAKAFVGNEPFVVMLGDDLMDITNDKAVPLTKQLINDYEETHASTIAVMPVSSEEVSAYGVIAPQGKGENGRYSVETFVEKPNPEDAPSDLAIIGRYLLTPEIFGILENQEPGAGNEVQLTDAIDTLNKTQRVFARVFTGDRYDVGDKFGFMKTSIDYALKHPQIKDDLKQYLIELGHKLEGKPTKKG,C(C1C(C(C(C(O1)OP(=O)(O)O)O)O)O)O,33628,0.967486739,1.011001468,1.04626143,1.087237477,1.127625346,1.160309434
PGMT_f,Q5M4U6,D-Glucose 1-phosphate,MSYTENYQKWLDFAELPAYLRDELVSMDEKTKEDAFYTNLEFGTAGMRGLIGAGTNRINIYVVRQATEGLAQLIDSKGEEAKKRGVAIAYDSRHFSPEFAFESAQVLAAHGIKSYVFESLRPTPELSFAVRHLHTFAGIMITASHNPAPFNGYKVYGEDGGQMPPADADALTDYIRAIDNPFTVKLADLEDSKASGLIEIIGENVDAEYLKEVKDVNINQDLINEYGRDMKIVYTSLHGTGEMLVRRALAQAGFDAVQVVEAQAVPHADFLTVKSPNPENQDAFALAEELGRNVDADVLVATDPDADRLGVEIRQPDGSYLNLSGNQIGAIIAKYILEAHKTAGTLPANAALCKSIVSTELVTKIAESYGATMFNVLTGFKFIGEKIHEFETQHNYTYMFGFEESFGYLIKPFVRDKDAIQAVLIVAEIAAYYRSRGMTLADGIEEIYKQYGYFSEKTISVTLSGVDGAAEIKKIMDKFRRNAPKQFNNTDIAKTEDFLEQTATTADGVEKLTTPPSNVLKYILADDSWFAVRPSGTEPKIKFYIATVGETEADAKEKIANIEAEINAFVGE,C(C1C(C(C(C(O1)OP(=O)(O)O)O)O)O)O,63123,0.743097186,0.68103981,0.654860735,0.627706528,0.609134674,0.599586487
PGMT_r,Q5M4U6,D-Glucose 6-phosphate,MSYTENYQKWLDFAELPAYLRDELVSMDEKTKEDAFYTNLEFGTAGMRGLIGAGTNRINIYVVRQATEGLAQLIDSKGEEAKKRGVAIAYDSRHFSPEFAFESAQVLAAHGIKSYVFESLRPTPELSFAVRHLHTFAGIMITASHNPAPFNGYKVYGEDGGQMPPADADALTDYIRAIDNPFTVKLADLEDSKASGLIEIIGENVDAEYLKEVKDVNINQDLINEYGRDMKIVYTSLHGTGEMLVRRALAQAGFDAVQVVEAQAVPHADFLTVKSPNPENQDAFALAEELGRNVDADVLVATDPDADRLGVEIRQPDGSYLNLSGNQIGAIIAKYILEAHKTAGTLPANAALCKSIVSTELVTKIAESYGATMFNVLTGFKFIGEKIHEFETQHNYTYMFGFEESFGYLIKPFVRDKDAIQAVLIVAEIAAYYRSRGMTLADGIEEIYKQYGYFSEKTISVTLSGVDGAAEIKKIMDKFRRNAPKQFNNTDIAKTEDFLEQTATTADGVEKLTTPPSNVLKYILADDSWFAVRPSGTEPKIKFYIATVGETEADAKEKIANIEAEINAFVGE,C(C(C(C(C(C=O)O)O)O)O)OP(=O)(O)O,63123,0.252389312,0.227410883,0.215884089,0.209128797,0.203710347,0.211038172
HEX1,Q5M4Y5,D-Glucose,MSKKLLGIDLGGTTVKFGILTADGEVQEKWAIETNTFENGSHIVPDIVESLKHRLELYGLTAEDFIGIGMGSPGAVDRENKTVTGAFNLNWAETQEVGSVIEKELGIPFAIDNDANVAALGERWVGAGANNRNVVFITLGTGVGGGVIADGNLIHGVAGAGGEIGHIIVEPDTGFECTCGNKGCLETVASATGIVRVAHHLAEKYEGNSSIKAAVDNGEFVTSKDIIVAATEGDKFADSIVDKVSKYLGLATANISNILNPDSVVIGGGVSAAGEFLRSRVEGYFTRYAFPQVRRTTKVKLAELGNDAGIIGAASLAYSIDK,C(C1C(C(C(C(O1)O)O)O)O)O,33583,1.729444623,1.678196073,1.651510596,1.628783584,1.624454618,1.625902772
PGI,Q8VVB7,D-Glucose 6-phosphate,MAHIKFDYSKVLDKFVAPHEVDNLQAQVTVADEMIRKGTGPGADFLGWRDLPENYDREEFDRILKAAEKIKEESDVLVVIGIGGSYLGAKAAIDFLSNHFANLQTKEERKAPQIVYAGNSISSTYLADLLEYVEGKDFSVNVISKSGTTTEPAIAFRLFKELLVKKYGQEEANKRIYATTDRQKGAVKVEADANGWETFVVPDDIGGRFSVLTAVGLLPIAVSGADIKALMEGANAARKEYSSSKISENEAYQYAAIRNILYRKGYTTEILANYEPSLQYFAEWWKQLAGESEGKDQRGIYPTSANFSTDLHSLGQFIQEGTRNLFETVVRVDKPRKNVVIPELAEDLDGLGYLQGKDVDFVNKKATDGVLLAHTDGDVPNMFITIPEQDAFTLGYIIYFFELAIALSGYLNAVNPFNQPGVEAYKKNMFALLGKPGFEELGAELNARL,C(C(C(C(C(C=O)O)O)O)O)OP(=O)(O)O,49789,0.525318146,0.528525472,0.526562095,0.521788538,0.519073606,0.517655015
PFK,Q5M410,D-Fructose 6-phosphate,MCYNENVKYIKGVSGIMKRIAVLTSGGDAPGMNAAVRAVVLKAISEGIEVFGINRGYAGMVEGDIFKLDAKRVENILSRGGTFLQSARYPEFAQLEGQLKGIEQLKKYGIEGVVVIGGDGSYHGAMRLTEHGFPAVGLPGTIDNDIVGTDYTIGFDTAVATATEALDKIQDTAFSHGRTFVVEVMGRNAGDIALWAGIASGADQIIVPEEEYDINEVVRKVKEGYESGEKSHHIIVLAEGVMGAEEFAAKMKEAGDTSDLRATNLGHVIRGGSPTARDRVLASWMGAHAVDLLKEGIGGVAVGIHNEQLVESPILGTAEEGALFSLTEDGKIIVNNPHKARLDFAELNRSLANLK,C(C(C(C(C(=O)CO)O)O)O)OP(=O)(O)O,37782,1.6672858,1.589204073,1.534430265,1.477881908,1.441978693,1.418959498
FBA,Q5M2E1,"D-Fructose 1,6-bisphosphate",MAIVSAEKFVQSARDNGYALGGFNTNNLEWTQAILRAAEAKKAPVLIQTSMGAAKYMGGYKLCKALIEELVESMGITVPVAIHLDHGHYDDALECIEVGYTSIMFDGSHLPIEENLKLAKEVVEKAHAKGISVEAEVGTIGGEEDGIVGRGELAPIEDAKAMVATGVDFLAAGIGNIHGPYPENWEGLDLDHLQKLTEAIPGFPIVLHGGSGIPDDQIQEAIKLGVAKVNVNTECQIAFANATRKFVAEYEANEAEYDKKKLFDPRKFLKPGFEAITEAVEERIDVFGSANKA,C(C1C(C(C(O1)(COP(=O)([O-])[O-])O)O)O)OP(=O)([O-])[O-],31555,0.396257311,0.437926859,0.48074615,0.535125196,0.588544726,0.632475615
GAPD,Q5M2M7,Glyceraldehyde 3-phosphate,MIFIRRKSLMVVKVGINGFGRIGRLAFRRIQNVEGVEVTRINDLTDPVMLAHLLKYDTTQGRFDGTVELKDGGFEVNGKFVKVSAERDPEQIDWANDGVEIVLEATGFFTKKVLAEKHLHPGGAKKVVITAPGGNDVKTIVFNTNHDILDGTETVISGASCTTNCLAPMAKALNDNFGIVEGLMTTIHAYTGDQMILDGPHRGGDLRRARAGAANIVPNSTGAAKAIGLVIPELNGKLDGSAQRVPVPTGSVTELVAVCEKNVTVDEVNAAMKAATNESYGYTEDPIVSSDIVGMSYGSLFDATQTKVLDVDGKQLVKVVSWYDNEMSYTSQLVRTLEYFAKIAK,C(C(C=O)O)OP(=O)(O)O,37194,-0.183269173,-0.170564115,-0.138041064,-0.099599838,-0.071624711,-0.050154634
PGK,Q8VVB6,3-Phospho-D-glyceroyl phosphate,MAKLTVKDVELKGKKVLVRVDFNVPVKDGVITNDNRITAALPTIKYILEQGGRAILFSHLGRVKEEADKEGKSLAPVAADLAAKLGQDVKFIPGVTRGAELEAAVNSLEDGQVLLVENTRFEDVDGKKESKNDPELGKYWASLGDGIFVNDAFGTAHRAHASNVGISANVEKAVAGFLLENEIAYIQEAVENPERPFVAILGGSKVSDKIGVIENLLEKADKVLIGGGMTYTFFKAQGIEIGNSLVEEDKLDVAKALLEKSNGKLILPVDSKEANAFADYTEVKYTEGEAVDPGFLGLDIGPKSIAKFDEALTGAKTVVWNGPMGVFENPDFQAGTIGVMDAIVKQPGVKSIIGGGDSAAAAINLGYADKFSWISTGGGASMELLEGKELPGLAALTEK,C(C(C(=O)OP(=O)(O)O)O)OP(=O)(O)O,42233,1.55658567,1.52709949,1.54329288,1.568419576,1.587610602,1.608497262
PGM,Q5M513,3-Phospho-D-glycerate,MRLYFVRHGKTQWNLEGRLQGSKGDSPLLKESIEQVSELGHYLSDTHFDLVLSSDLPRAKKTTELIMESQKTKAKITYTKDLREWQLGKLEGQKLSIIQAIYPKEMDAFRHNLANFRANNFQAESVYHTTKRVADLVRTLKDSSMKNVLLVGHGANLTASIRSLLGFEPGLLRKAGGLDNASVTILETDDCEHFTLKSWNDTSYRTQVNKIS,C(C(C(=O)O)O)OP(=O)(O)O,24055,-0.138843089,-0.153819233,-0.165291637,-0.172968179,-0.176547289,-0.177024469
PGM,Q8VVB5,3-Phospho-D-glycerate,MVKLVFARHGESEWNKANLFTGWADVDLSEKGTQQAIDAGKLIKEAGIEFDKAYTSVLKRAIKTTNLALEASDQLWVPVEKSWRLNERHYGGLTGKNKAEAAEQFGDEQVHIWRRSYDVLPPKMDRDDEYSAHKDRRYASLDDSVIPDAENLKVTLERALPFWEDKIAPALKDGKNVFVGAHGNSIRALVKHIKKLSDDEIMDVEIPNFPPLVFEFDEKLNVVSEYYLGK,C(C(C(=O)O)O)OP(=O)(O)O,26190,2.409584045,2.476941824,2.524918556,2.572565794,2.609761,2.633272886
ENO,Q5M561,D-Glycerate 2-phosphate,MSIITDVYAREVLDSRGNPTLEVEVYTESGAFGRGMVPSGASTGEHEAVELRDGDKARYGGLGTQKAVDNVNNVIAEHIIGFDVRDQQGIDRAMIALDGTPNKGKLGANAILGVSIAVARAAADYLEVPLYSYLGGFNTKVLPTPMMNIINGGSHSDAPIAFQEFMIVPAGAPTFKEALRWGAEIFHALKKILKERGLETAVGDEGGFAPRFDGTEDGVETIIKAIEAAGYVPGKDVFIGLDCASSEFYDAERKVYDYTKFEGEGAAVRTAAEQIDYLEELVNKYPIITIEDGMDENDWDGWKALTERLGDKVQLVGDDFFVTNTAYLEKGIAEHAANSILIKVNQIGTLTETFDAIEMAKEAGYTAVVSHRSGETEDSTIADIAVATNAGQIKTGSLSRTDRIAKYNQLLRIEDQLGEVAEYRGLKSFYNLKK,C(C(C(=O)O)OP(=O)(O)O)O,47036,1.625953674,1.711979389,1.775069594,1.83759582,1.881076932,1.911291242
PYK,Q5M411,Phosphoenolpyruvate,MLIRRKSDNKYKGVLYIMNKRVKIVATLGPAVEIRGGKKFGEDGYWSEKLDPDASAKNIAQLIEEGANVFRFNFSHGNHAEQGERMDVVRMAESIAGQKVGFLLDTKGPEIRTELFEGDAKEYAYKTGEQIRIATKQGLKSTRDVIALNVAGALDIFDDVEVGKQVLVDDGKLGLRVVDKDAEKREFIVEVENDGIIAKQKGVNIPYTKIPFPALAERDNADIRFGLEQGINFIAISFVRTAKDVQEVRAICEETGNGHVKLLAKIENQQGIDNIDEIIEAADGIMIARGDMGIEVPFEMVPVYQKMIITKVNAAGKIVVTATNMLETMTEKPRATRSEVSDVFNAVIDGTDATMLSGESANGKYPVESVRTMATINKNAQTLLKEYGRLNSSTFDRSSKTEVVASAVKDATNSMNIKLIVALTESGNTARLISKYRPEADILAITFDELTQKSLMLNWGVIPVVTETPSSTDDMFEVAERVALESGLVESGDNIVIVAGVPVGSGNTNTMRIRTVK,C=C(C(=O)O)OP(=O)(O)O,56591,0.646696925,0.698708892,0.751748085,0.802926898,0.853660226,0.893904328
LDH_L,Q5M3T6,Pyruvate,MTATKLHKKVILVGDGAVGSSYAFALVNQGIAQELGIIEIPQLFEKAVGDALDLSHALPFTSPKKIYAAKYEDCADADLVVITAGAPQKPGETRLDLVGKNLAINKSIVTQVVESGFNGIFLVAANPVDVLTYSTWKFSGFPKERVIGSGTSLDSARFRQALAEKLNVDARSVHAYIMGEHGDSEFAVWSHANIAGVNLEEFLKDEENVQEAELVELFEGVRDAAYTIINKKGATYYGIAVALARITKAILDDENAVLPLSVFQEGQYGVNNIFIGQPAIVGAHGIVRPVNIPLNDAEQQKMKASADELQAIIDEAWKNPEFQEASKN,CC(=O)C(=O)[O-],35429,2.532230139,2.536767244,2.541098118,2.545337677,2.548886538,2.551444054
PFL,Q5M2Y4,Pyruvate,MATVKTNTDVFEKAWEGFKGTDWKEKASVSRFVQANYTPYDGDESFLAGPTERSLKIKKIIEETKAHYEETRFPMDTRPTSIADIPAGYISKDDELIYGIQNDELFKLNFMPKGGIRMAETALKEHGYEPDPAVHEIFTKHVTTVNDGIFRAYTSNIRRARHAHTITGLPDAYSRGRIIGVYARLALYGADFLMQEKVNDWNSIEEINEETIRLREEVNLQYQALQDVVRLGDLYGVDVRRPAFDTKEAIQWTNIAFMAVCRVINGAATSLGRVPIVLDIYAERDLARGTYTESEIQEFVDDFVLKLRTVKFARTKAYDELYSGDPTFITTSMAGMGADGRHRVTKMDYRFLNTLDNIGNAPEPNLTVLWSDKLPYSFRRYCMHMSHKHSSIQYEGVTTMAKDGYGEMSCISCCVSPLDPENEEQRHNIQYFGARVNVLKALLTGLNGGYDDVHKDYKVFDIDPVRDEVLDFDTVKANFEKSLDWLTDTYVDALNIIHYMTDKYNYEAVQMAFLPTKQRANMGFGICGFANTVDTLSAIKYATVKPIRDEDGYIYDYETIGEYPRWGEDDPRSNELAEWLIEAYTTRLRSHKLYKDAEATVSLLTITSNVAYSKQTGNSPVHKGVYLNEDGSVNLSKLEFFSPGANPSNKAKGGWLQNLNSLASLDFGYAADGISLTTQVSPRALGKTRDEQVDNLVTILDGYFENGGQHLNLNVMDLSAVYKKIMSGEDVIVRISGYCVNTKYLTPEQKTELTQRVFHEVLSTDDAMG,CC(=O)C(=O)[O-],87026,2.127110004,2.103920698,2.088330507,2.0812006,2.076431513,2.072489738
PDH,Q5M4C4,Pyruvate,MVKLSKETHLEMFTKMERIREFDSRINKLVRRGFVQGMTHFSVGEEAANVGAVQHLSYDDIFFSNHRGHGQSIAQDMDLNKMMAELAGKATGVSKGRGGSMHLADFEKGNYGTNGIVGGGYALAVGAALTQQYKETGNIVVAFSGDGATNEGSFHESVNMAATWKLPVIFFIINNRYGISMDIRRATNTPHLYTRAEAYGIPGFYCEDGNDVMAVYDTMGKAVDHVRGGNGPAIVEVESYRWFGHSTADAGVYRTKEEVDEWKNNNDPIIRYRDYLVSENIASVEELDAIQSQVKAQVDAAYEFAKNSPDPELSVAFEDVWVD,CC(=O)C(=O)[O-],35726,-0.427769572,-0.430253297,-0.427259058,-0.424372792,-0.422320694,-0.420553237
PTAr,Q5M3G9,Acetyl-CoA,MHSLFGELREHISGKGVRIVFPEGNDDRVVRAAARLKFEELVDPIILGDPTEVHKILNDLGFVDFNCTIINPETYEGFEEMKEKFVEVRKGKATIEDADKLLRDVNYFGVMLVKLGLADGMVSGAIHSTADTVRPALQIIKTKPGISCTSGVFLMNREDTNHRLMFADCAINIEPNSQELAEIAINTAETAKVFGIDPKVAMLSFSTKGSAKSPKVDRVVQATNIAKEMRPDLAIDGELQFDAAFVPATAAIKAPDSDVAGQANVFVFPCLQAGNIGYKIAQRLGMFEAIGPILQGLNKPVNDLSRGASAEDIYNLAIITAAQALNN,CC(=O)SCCNC(=O)CCNC(=O)C(C(C)(C)COP(=O)(O)OP(=O)(O)OCC1C(C(C(O1)N2C=NC3=C(N=CN=C32)N)O)OP(=O)(O)O)O,35449,-0.019706756,-0.090652466,-0.135056809,-0.183603078,-0.220567733,-0.2459943
ACKr,Q5M2G6,Acetyl phosphate,MKAFYKEVLMTKTIAINAGSSSLKWQLYEMPEEVVLAKGLIERIGLRDSVSTVKFADHSESQTLDIADHVQAVKILLDDLIRFDIIKSYDEITGVGHRVVAGGEYFKESSLVDEYALAKIEELSALAPLHNPGAASGIRAFKELLPDITSVAVFDTAFHTSMPEVAYRYPVPNRYYTDYQVRKYGAHGTSHQYVSQEAAKLLGKPIEETKIITAHVGNGVSITAVDGGKSVDTSMGLTPLGGVMMGTRTGDLDPAIIPFIIDREPDMADAERIRHVFNKESGLLGISEKSSDMRDIIAGKEAGDEKCTLAYDLYVDRLRKYIAQYFGVMNGADAIVFTAGIGENSADVRASVLDGLTWFGIEVDPEKNVFGRVGDITTADSAVKVFVIPTDEELVIARDVERLKTK,CC(=O)OP(=O)(O)O,44452,2.424685001,2.445209742,2.464004278,2.487425566,2.512904406,2.535789728
ACCOAC,Q5M5R2,Acetyl-CoA,MGLFDRKEKYIRINPNRYVRNGVDHHVPEVPDDLFAKCPGCKQAIYQKDLGQAKICPNCSYAFRISAKERLDLTVDEGSFQELFTGIKTENPLNFPGYMEKLAATKEKTGLDEAVVTGVATIKGQKTALAIMDSNFIMASMGTVVGEKITKLFEYAILEKLPVVIFTASGGARMQEGIMSLMQMAKISAAVKRHSNAGLLYLTVLTDPTTGGVTASFAMQGDIILAEPQTLIGFAGRRVIENTVRETLPDDFQKAEFLQEHGFVDAIVKRTELADTIATLLSFHGGVQ,CC(=O)SCCNC(=O)CCNC(=O)C(C(C)(C)COP(=O)(O)OP(=O)(O)OCC1C(C(C(O1)N2C=NC3=C(N=CN=C32)N)O)OP(=O)(O)O)O,31573,1.650627017,1.621216536,1.600263238,1.581308484,1.568572164,1.563072324
